event_date,ota,hotel_name,location,room_type,prices
2024-08-25,jalan,京王プレリアホテル札幌,北海道／北大・丘珠,部屋タイプ,5520
2024-08-25,jalan,京王プレリアホテル札幌,北海道／北大・丘珠,スタンダードツインルーム,5520
2024-08-25,jalan,京王プレリアホテル札幌,北海道／北大・丘珠,モデレートツインルーム,5520
2024-08-25,jalan,京王プレリアホテル札幌,北海道／北大・丘珠,モデレートコーナーツイン,5520
2024-08-25,jalan,京王プレリアホテル札幌,北海道／北大・丘珠,スーペリアツインルーム,5520
2024-08-25,jalan,京王プレリアホテル札幌,北海道／北大・丘珠,スーペリアコーナーツインルーム,5520
2024-08-25,jalan,京王プレリアホテル札幌,北海道／北大・丘珠,スーペリアダブルルーム,5520
2024-08-25,jalan,京王プレリアホテル札幌,北海道／北大・丘珠,コンフォートダブルルーム,5520
2024-08-25,jalan,京王プレリアホテル札幌,北海道／北大・丘珠,コンフォートツインルーム,5520
2024-08-25,jalan,京王プレリアホテル札幌,北海道／北大・丘珠,プレミアダブルルーム,5520
2024-08-25,jalan,京王プレリアホテル札幌,北海道／北大・丘珠,ユニバーサルルーム,5520
2024-08-25,jalan,札幌プリンスホテル,北海道／ススキノ・大通,部屋タイプ,4545
2024-08-25,jalan,札幌プリンスホテル,北海道／ススキノ・大通,ロイヤルスイートルーム/ロイヤルフロア,4545
2024-08-25,jalan,札幌プリンスホテル,北海道／ススキノ・大通,スイートルーム/ロイヤルフロア,4545
2024-08-25,jalan,札幌プリンスホテル,北海道／ススキノ・大通,デラックスツインルーム/ロイヤルフロア,4545
2024-08-25,jalan,札幌プリンスホテル,北海道／ススキノ・大通,デラックスダブルルーム/ロイヤルフロア,4545
2024-08-25,jalan,札幌プリンスホテル,北海道／ススキノ・大通,スーペリアツインルーム/14～21F,4545
2024-08-25,jalan,札幌プリンスホテル,北海道／ススキノ・大通,スーペリアトリプルルーム/14・15F,4545
2024-08-25,jalan,札幌プリンスホテル,北海道／ススキノ・大通,スタンダードツイン/5～12F,4545
2024-08-25,jalan,札幌プリンスホテル,北海道／ススキノ・大通,スタンダードトリプル/5～8F,4545
2024-08-25,jalan,札幌プリンスホテル,北海道／ススキノ・大通,ハートフルルーム/3F,4545
2024-08-25,jalan,札幌プリンスホテル,北海道／ススキノ・大通,スーペリアツインルーム/14～21F,4545
2024-08-25,jalan,札幌プリンスホテル,北海道／ススキノ・大通,インターネット接続,4545
2024-08-25,jalan,札幌プリンスホテル,北海道／ススキノ・大通,部屋設備補足事項,4545
2024-08-25,jalan,札幌プリンスホテル,北海道／ススキノ・大通,サービス料,4545
2024-08-25,jalan,札幌プリンスホテル,北海道／ススキノ・大通,税金,4545
2024-08-25,jalan,札幌グランドホテル,北海道／ススキノ・大通,部屋タイプ,5600
2024-08-25,jalan,札幌グランドホテル,北海道／ススキノ・大通,シングルルーム,5600
2024-08-25,jalan,札幌グランドホテル,北海道／ススキノ・大通,ダブルルーム,5600
2024-08-25,jalan,札幌グランドホテル,北海道／ススキノ・大通,ツインルーム,5600
2024-08-25,jalan,札幌グランドホテル,北海道／ススキノ・大通,トリプルルーム,5600
2024-08-25,jalan,札幌グランドホテル,北海道／ススキノ・大通,フォースルーム,5600
2024-08-25,jalan,札幌グランドホテル,北海道／ススキノ・大通,和洋室,5600
2024-08-25,jalan,札幌グランドホテル,北海道／ススキノ・大通,ジュニアスイートルーム,5600
2024-08-25,jalan,札幌グランドホテル,北海道／ススキノ・大通,スイートルーム,5600
2024-08-25,jalan,札幌グランドホテル,北海道／ススキノ・大通,スーパースイートルーム,5600
2024-08-25,jalan,札幌グランドホテル,北海道／ススキノ・大通,インターネット接続,5600
2024-08-25,jalan,札幌グランドホテル,北海道／ススキノ・大通,部屋設備補足事項,5600
2024-08-25,jalan,札幌グランドホテル,北海道／ススキノ・大通,サービス料,5600
2024-08-25,jalan,札幌グランドホテル,北海道／ススキノ・大通,税金,5600
2024-08-25,jalan,ONSEN RYOKAN 由縁 札幌,北海道／ススキノ・大通,部屋タイプ,9200
2024-08-25,jalan,ONSEN RYOKAN 由縁 札幌,北海道／ススキノ・大通,ダブル,9200
2024-08-25,jalan,ONSEN RYOKAN 由縁 札幌,北海道／ススキノ・大通,高層階ダブル,9200
2024-08-25,jalan,ONSEN RYOKAN 由縁 札幌,北海道／ススキノ・大通,ハリウッドツイン,9200
2024-08-25,jalan,ONSEN RYOKAN 由縁 札幌,北海道／ススキノ・大通,コーナーツイン,9200
2024-08-25,jalan,ONSEN RYOKAN 由縁 札幌,北海道／ススキノ・大通,高層階ツイン,9200
2024-08-25,jalan,ONSEN RYOKAN 由縁 札幌,北海道／ススキノ・大通,コーナーダブル,9200
2024-08-25,jalan,ONSEN RYOKAN 由縁 札幌,北海道／ススキノ・大通,メゾネットダブル,9200
2024-08-25,jalan,ONSEN RYOKAN 由縁 札幌,北海道／ススキノ・大通,ファミリースイート,9200
2024-08-25,jalan,ONSEN RYOKAN 由縁 札幌,北海道／ススキノ・大通,ガーデンスイート,9200
2024-08-25,jalan,ONSEN RYOKAN 由縁 札幌,北海道／ススキノ・大通,インターネット接続,9200
2024-08-25,jalan,京王プラザホテル札幌,北海道／ススキノ・大通,部屋タイプ,4760
2024-08-25,jalan,京王プラザホテル札幌,北海道／ススキノ・大通,スタンダード　シングル,4760
2024-08-25,jalan,京王プラザホテル札幌,北海道／ススキノ・大通,スタンダード　ツイン,4760
2024-08-25,jalan,京王プラザホテル札幌,北海道／ススキノ・大通,スタンダード　ラージツイン,4760
2024-08-25,jalan,京王プラザホテル札幌,北海道／ススキノ・大通,スタンダード　トリプル,4760
2024-08-25,jalan,京王プラザホテル札幌,北海道／ススキノ・大通,スタンダード　ファミリー,4760
2024-08-25,jalan,京王プラザホテル札幌,北海道／ススキノ・大通,コンフォート　シングル,4760
2024-08-25,jalan,京王プラザホテル札幌,北海道／ススキノ・大通,コンフォート　ツイン＆ダブル,4760
2024-08-25,jalan,京王プラザホテル札幌,北海道／ススキノ・大通,コンフォート　ラージツイン,4760
2024-08-25,jalan,京王プラザホテル札幌,北海道／ススキノ・大通,プレミア　シングル,4760
2024-08-25,jalan,京王プラザホテル札幌,北海道／ススキノ・大通,プレミア　ツイン＆ダブル,4760
2024-08-25,jalan,京王プラザホテル札幌,北海道／ススキノ・大通,プレミア　ラージツイン,4760
2024-08-25,jalan,京王プラザホテル札幌,北海道／ススキノ・大通,ビューバススイート,4760
2024-08-25,jalan,京王プラザホテル札幌,北海道／ススキノ・大通,インターネット接続,4760
2024-08-25,jalan,京王プラザホテル札幌,北海道／ススキノ・大通,部屋設備補足事項,4760
2024-08-25,jalan,京王プラザホテル札幌,北海道／ススキノ・大通,サービス料,4760
2024-08-25,jalan,京王プラザホテル札幌,北海道／ススキノ・大通,税金,4760
2024-08-25,jalan,JRタワーホテル日航札幌,北海道／ススキノ・大通,部屋タイプ,10627
2024-08-25,jalan,JRタワーホテル日航札幌,北海道／ススキノ・大通,モデレートシングル,10627
2024-08-25,jalan,JRタワーホテル日航札幌,北海道／ススキノ・大通,モデレートダブル,10627
2024-08-25,jalan,JRタワーホテル日航札幌,北海道／ススキノ・大通,スーペリアダブル,10627
2024-08-25,jalan,JRタワーホテル日航札幌,北海道／ススキノ・大通,モデレートツイン,10627
2024-08-25,jalan,JRタワーホテル日航札幌,北海道／ススキノ・大通,ユニバーサルツイン,10627
2024-08-25,jalan,JRタワーホテル日航札幌,北海道／ススキノ・大通,コーナーダブル,10627
2024-08-25,jalan,JRタワーホテル日航札幌,北海道／ススキノ・大通,コーナーツイン,10627
2024-08-25,jalan,JRタワーホテル日航札幌,北海道／ススキノ・大通,エグゼクティブダブル,10627
2024-08-25,jalan,JRタワーホテル日航札幌,北海道／ススキノ・大通,エグゼクティブツイン,10627
2024-08-25,jalan,JRタワーホテル日航札幌,北海道／ススキノ・大通,コーナーデラックスツイン,10627
2024-08-25,jalan,JRタワーホテル日航札幌,北海道／ススキノ・大通,コーナースイート,10627
2024-08-25,jalan,JRタワーホテル日航札幌,北海道／ススキノ・大通,インターネット接続,10627
2024-08-25,jalan,JRタワーホテル日航札幌,北海道／ススキノ・大通,サービス料,10627
2024-08-25,jalan,JRタワーホテル日航札幌,北海道／ススキノ・大通,税金,10627
2024-08-25,jalan,ホテルエミシア札幌,北海道／厚別・白石・豊平,部屋タイプ,4350
2024-08-25,jalan,ホテルエミシア札幌,北海道／厚別・白石・豊平,コンフォートルーム,4350
2024-08-25,jalan,ホテルエミシア札幌,北海道／厚別・白石・豊平,ツインルーム,4350
2024-08-25,jalan,ホテルエミシア札幌,北海道／厚別・白石・豊平,ダブルルーム,4350
2024-08-25,jalan,ホテルエミシア札幌,北海道／厚別・白石・豊平,ファミリールーム/和室/和洋室,4350
2024-08-25,jalan,ホテルエミシア札幌,北海道／厚別・白石・豊平,スイートルーム,4350
2024-08-25,jalan,ホテルエミシア札幌,北海道／厚別・白石・豊平,アクセシブルルーム,4350
2024-08-25,jalan,ホテルエミシア札幌,北海道／厚別・白石・豊平,インターネット接続,4350
2024-08-25,jalan,ホテルエミシア札幌,北海道／厚別・白石・豊平,部屋設備補足事項,4350
2024-08-25,jalan,ホテルエミシア札幌,北海道／厚別・白石・豊平,サービス料,4350
2024-08-25,jalan,ホテルエミシア札幌,北海道／厚別・白石・豊平,税金,4350
2024-08-25,jalan,ホテルエミオン札幌(2023年12月20日新規オープン),北海道／北大・丘珠,部屋タイプ,4080
2024-08-25,jalan,ホテルエミオン札幌(2023年12月20日新規オープン),北海道／北大・丘珠,ダブルA,4080
2024-08-25,jalan,ホテルエミオン札幌(2023年12月20日新規オープン),北海道／北大・丘珠,ダブルB,4080
2024-08-25,jalan,ホテルエミオン札幌(2023年12月20日新規オープン),北海道／北大・丘珠,スタンダードツイン,4080
2024-08-25,jalan,ホテルエミオン札幌(2023年12月20日新規オープン),北海道／北大・丘珠,スタンダードトリプル,4080
2024-08-25,jalan,ホテルエミオン札幌(2023年12月20日新規オープン),北海道／北大・丘珠,スタンダードフォース,4080
2024-08-25,jalan,ホテルエミオン札幌(2023年12月20日新規オープン),北海道／北大・丘珠,クラブシングル/ダブル,4080
2024-08-25,jalan,ホテルエミオン札幌(2023年12月20日新規オープン),北海道／北大・丘珠,クラブツイン,4080
2024-08-25,jalan,ホテルエミオン札幌(2023年12月20日新規オープン),北海道／北大・丘珠,クラブトリプル,4080
2024-08-25,jalan,ホテルエミオン札幌(2023年12月20日新規オープン),北海道／北大・丘珠,クラブフォース,4080
2024-08-25,jalan,ホテルエミオン札幌(2023年12月20日新規オープン),北海道／北大・丘珠,インターネット接続,4080
2024-08-25,jalan,ホテルエミオン札幌(2023年12月20日新規オープン),北海道／北大・丘珠,サービス料,4080
2024-08-25,jalan,クロスホテル札幌（オリックスホテルズ＆リゾーツ ）,北海道／ススキノ・大通,部屋タイプ,6300
2024-08-25,jalan,クロスホテル札幌（オリックスホテルズ＆リゾーツ ）,北海道／ススキノ・大通,スタンダード・シングル,6300
2024-08-25,jalan,クロスホテル札幌（オリックスホテルズ＆リゾーツ ）,北海道／ススキノ・大通,スタンダード・ダブル,6300
2024-08-25,jalan,クロスホテル札幌（オリックスホテルズ＆リゾーツ ）,北海道／ススキノ・大通,スタンダード・ツイン,6300
2024-08-25,jalan,クロスホテル札幌（オリックスホテルズ＆リゾーツ ）,北海道／ススキノ・大通,スタンダード・ラグジュアリーツイン,6300
2024-08-25,jalan,クロスホテル札幌（オリックスホテルズ＆リゾーツ ）,北海道／ススキノ・大通,スタンダード・デラックスツイン,6300
2024-08-25,jalan,クロスホテル札幌（オリックスホテルズ＆リゾーツ ）,北海道／ススキノ・大通,クロスフロア・ダブル,6300
2024-08-25,jalan,クロスホテル札幌（オリックスホテルズ＆リゾーツ ）,北海道／ススキノ・大通,クロスフロア・ラグジュアリーダブル,6300
2024-08-25,jalan,クロスホテル札幌（オリックスホテルズ＆リゾーツ ）,北海道／ススキノ・大通,クロスフロア・デラックスダブル,6300
2024-08-25,jalan,クロスホテル札幌（オリックスホテルズ＆リゾーツ ）,北海道／ススキノ・大通,クロスフロア・ハートフル,6300
2024-08-25,jalan,クロスホテル札幌（オリックスホテルズ＆リゾーツ ）,北海道／ススキノ・大通,クロスフロア・デラックスツイン,6300
2024-08-25,jalan,クロスホテル札幌（オリックスホテルズ＆リゾーツ ）,北海道／ススキノ・大通,クロスフロア・デラックスツイン,6300
2024-08-25,jalan,クロスホテル札幌（オリックスホテルズ＆リゾーツ ）,北海道／ススキノ・大通,クロスフロア・クロスHIP,6300
2024-08-25,jalan,クロスホテル札幌（オリックスホテルズ＆リゾーツ ）,北海道／ススキノ・大通,インターネット接続,6300
2024-08-25,jalan,クロスホテル札幌（オリックスホテルズ＆リゾーツ ）,北海道／ススキノ・大通,部屋設備補足事項,6300
2024-08-25,jalan,クロスホテル札幌（オリックスホテルズ＆リゾーツ ）,北海道／ススキノ・大通,その他,6300
2024-08-25,jalan,HOTEL&SPA　センチュリーマリーナ函館,北海道／函館・湯の川,部屋タイプ,11000
2024-08-25,jalan,HOTEL&SPA　センチュリーマリーナ函館,北海道／函館・湯の川,ユニバーサルデザイン,11000
2024-08-25,jalan,HOTEL&SPA　センチュリーマリーナ函館,北海道／函館・湯の川,ドッグラバーズ,11000
2024-08-25,jalan,HOTEL&SPA　センチュリーマリーナ函館,北海道／函館・湯の川,デラックスドッグラバーズ,11000
2024-08-25,jalan,HOTEL&SPA　センチュリーマリーナ函館,北海道／函館・湯の川,ダブル,11000
2024-08-25,jalan,HOTEL&SPA　センチュリーマリーナ函館,北海道／函館・湯の川,クイーン,11000
2024-08-25,jalan,HOTEL&SPA　センチュリーマリーナ函館,北海道／函館・湯の川,ツイン,11000
2024-08-25,jalan,HOTEL&SPA　センチュリーマリーナ函館,北海道／函館・湯の川,デラックスツイン,11000
2024-08-25,jalan,HOTEL&SPA　センチュリーマリーナ函館,北海道／函館・湯の川,プレミアダブル,11000
2024-08-25,jalan,HOTEL&SPA　センチュリーマリーナ函館,北海道／函館・湯の川,プレミアクイーン,11000
2024-08-25,jalan,HOTEL&SPA　センチュリーマリーナ函館,北海道／函館・湯の川,プレミアツイン,11000
2024-08-25,jalan,HOTEL&SPA　センチュリーマリーナ函館,北海道／函館・湯の川,プレミアデラックスツイン,11000
2024-08-25,jalan,ラビスタ函館ベイ（共立リゾート）,北海道／函館・湯の川,部屋タイプ,9900
2024-08-25,jalan,ラビスタ函館ベイ（共立リゾート）,北海道／函館・湯の川,セミダブル,9900
2024-08-25,jalan,ラビスタ函館ベイ（共立リゾート）,北海道／函館・湯の川,スタンダードツイン,9900
2024-08-25,jalan,ラビスタ函館ベイ（共立リゾート）,北海道／函館・湯の川,デラックスツイン,9900
2024-08-25,jalan,ラビスタ函館ベイ（共立リゾート）,北海道／函館・湯の川,和洋室,9900
2024-08-25,jalan,ラビスタ函館ベイ（共立リゾート）,北海道／函館・湯の川,ダブル,9900
2024-08-25,jalan,ラビスタ函館ベイ（共立リゾート）,北海道／函館・湯の川,特別室-芙蓉-,9900
2024-08-25,jalan,ラビスタ函館ベイ（共立リゾート）,北海道／函館・湯の川,インターネット接続,9900
2024-08-25,jalan,ラビスタ函館ベイ（共立リゾート）,北海道／函館・湯の川,部屋設備補足事項,9900
2024-08-25,jalan,ＪＲイン函館,北海道／函館・湯の川,部屋タイプ,3900
2024-08-25,jalan,ＪＲイン函館,北海道／函館・湯の川,シングルルーム,3900
2024-08-25,jalan,ＪＲイン函館,北海道／函館・湯の川,ツインルーム,3900
2024-08-25,jalan,ＪＲイン函館,北海道／函館・湯の川,ラージツインルーム,3900
2024-08-25,jalan,ＪＲイン函館,北海道／函館・湯の川,プレミアツインルーム,3900
2024-08-25,jalan,ＪＲイン函館,北海道／函館・湯の川,コンセプトルーム,3900
2024-08-25,jalan,ＪＲイン函館,北海道／函館・湯の川,インターネット接続,3900
2024-08-25,jalan,ＪＲイン函館,北海道／函館・湯の川,こだわり,3900
2024-08-25,jalan,湯の川プリンスホテル 渚亭,北海道／函館・湯の川,部屋タイプ,9650
2024-08-25,jalan,湯の川プリンスホテル 渚亭,北海道／函館・湯の川,和室,9650
2024-08-25,jalan,湯の川プリンスホテル 渚亭,北海道／函館・湯の川,洋室シングル,9650
2024-08-25,jalan,湯の川プリンスホテル 渚亭,北海道／函館・湯の川,洋室ツイン,9650
2024-08-25,jalan,湯の川プリンスホテル 渚亭,北海道／函館・湯の川,露天風呂付き（海側）特別室,9650
2024-08-25,jalan,湯の川プリンスホテル 渚亭,北海道／函館・湯の川,露天風呂付き（海側）和室12畳,9650
2024-08-25,jalan,湯の川プリンスホテル 渚亭,北海道／函館・湯の川,露天風呂付き（海側）和室8畳,9650
2024-08-25,jalan,湯の川プリンスホテル 渚亭,北海道／函館・湯の川,露天風呂付き（海側）和洋室,9650
2024-08-25,jalan,湯の川プリンスホテル 渚亭,北海道／函館・湯の川,露天風呂付き（夜景側）和室8畳,9650
2024-08-25,jalan,湯の川プリンスホテル 渚亭,北海道／函館・湯の川,サービス料,9650
2024-08-25,jalan,湯の川プリンスホテル 渚亭,北海道／函館・湯の川,税金,9650
2024-08-25,jalan,函館湯の川温泉 海と灯／ヒューイットリゾート,北海道／函館・湯の川,部屋タイプ,8685
2024-08-25,jalan,函館湯の川温泉 海と灯／ヒューイットリゾート,北海道／函館・湯の川,スタンダードダブル【禁煙・15平米】,8685
2024-08-25,jalan,函館湯の川温泉 海と灯／ヒューイットリゾート,北海道／函館・湯の川,スタンダードツイン【禁煙・27平米】,8685
2024-08-25,jalan,函館湯の川温泉 海と灯／ヒューイットリゾート,北海道／函館・湯の川,スーペリアツイン【禁煙・27平米】,8685
2024-08-25,jalan,函館湯の川温泉 海と灯／ヒューイットリゾート,北海道／函館・湯の川,ファミリールーム【禁煙・36平米】,8685
2024-08-25,jalan,函館湯の川温泉 海と灯／ヒューイットリゾート,北海道／函館・湯の川,ジュニアスイート【禁煙・55平米】,8685
2024-08-25,jalan,函館湯の川温泉 海と灯／ヒューイットリゾート,北海道／函館・湯の川,ユニバーサルルーム【禁煙・27平米】,8685
2024-08-25,jalan,ラビスタ函館ベイＡＮＮＥＸ（共立リゾート）,北海道／函館・湯の川,部屋タイプ,20900
2024-08-25,jalan,ラビスタ函館ベイＡＮＮＥＸ（共立リゾート）,北海道／函館・湯の川,ツインルーム,20900
2024-08-25,jalan,ラビスタ函館ベイＡＮＮＥＸ（共立リゾート）,北海道／函館・湯の川,フォースルーム,20900
2024-08-25,jalan,ラビスタ函館ベイＡＮＮＥＸ（共立リゾート）,北海道／函館・湯の川,和洋室,20900
2024-08-25,jalan,ラビスタ函館ベイＡＮＮＥＸ（共立リゾート）,北海道／函館・湯の川,特別室　陶器露天風呂,20900
2024-08-25,jalan,ラビスタ函館ベイＡＮＮＥＸ（共立リゾート）,北海道／函館・湯の川,特別室　檜露天風呂,20900
2024-08-25,jalan,ラビスタ函館ベイＡＮＮＥＸ（共立リゾート）,北海道／函館・湯の川,ユニバーサルルーム,20900
2024-08-25,jalan,ラビスタ函館ベイＡＮＮＥＸ（共立リゾート）,北海道／函館・湯の川,インターネット接続,20900
2024-08-25,jalan,ラビスタ函館ベイＡＮＮＥＸ（共立リゾート）,北海道／函館・湯の川,部屋設備補足事項,20900
2024-08-25,jalan,函館・湯の川温泉　ホテル万惣（オリックスホテルズ＆リゾーツ）,北海道／函館・湯の川,部屋タイプ,10702
2024-08-25,jalan,函館・湯の川温泉　ホテル万惣（オリックスホテルズ＆リゾーツ）,北海道／函館・湯の川,スタンダードルームB,10702
2024-08-25,jalan,函館・湯の川温泉　ホテル万惣（オリックスホテルズ＆リゾーツ）,北海道／函館・湯の川,スタンダードルームA,10702
2024-08-25,jalan,函館・湯の川温泉　ホテル万惣（オリックスホテルズ＆リゾーツ）,北海道／函館・湯の川,カジュアルルームB,10702
2024-08-25,jalan,函館・湯の川温泉　ホテル万惣（オリックスホテルズ＆リゾーツ）,北海道／函館・湯の川,カジュアルルームA,10702
2024-08-25,jalan,函館・湯の川温泉　ホテル万惣（オリックスホテルズ＆リゾーツ）,北海道／函館・湯の川,タタミルームA,10702
2024-08-25,jalan,函館・湯の川温泉　ホテル万惣（オリックスホテルズ＆リゾーツ）,北海道／函館・湯の川,タタミルームB,10702
2024-08-25,jalan,函館・湯の川温泉　ホテル万惣（オリックスホテルズ＆リゾーツ）,北海道／函館・湯の川,タタミルームC,10702
2024-08-25,jalan,函館・湯の川温泉　ホテル万惣（オリックスホテルズ＆リゾーツ）,北海道／函館・湯の川,インターネット接続,10702
2024-08-25,jalan,東急ステイ函館朝市　灯の湯(あかりのゆ),北海道／函館・湯の川,部屋タイプ,4800
2024-08-25,jalan,天然温泉 プレミアホテル-CABIN-旭川,北海道／旭川,部屋タイプ,3650
2024-08-25,jalan,天然温泉 プレミアホテル-CABIN-旭川,北海道／旭川,シングルルーム,3650
2024-08-25,jalan,天然温泉 プレミアホテル-CABIN-旭川,北海道／旭川,セミダブルルーム,3650
2024-08-25,jalan,天然温泉 プレミアホテル-CABIN-旭川,北海道／旭川,ダブルルーム,3650
2024-08-25,jalan,天然温泉 プレミアホテル-CABIN-旭川,北海道／旭川,ツインルーム,3650
2024-08-25,jalan,天然温泉 プレミアホテル-CABIN-旭川,北海道／旭川,ハリウッドツインルーム,3650
2024-08-25,jalan,天然温泉 プレミアホテル-CABIN-旭川,北海道／旭川,デラックスツイン,3650
2024-08-25,jalan,天然温泉 プレミアホテル-CABIN-旭川,北海道／旭川,トリプルルーム,3650
2024-08-25,jalan,天然温泉 プレミアホテル-CABIN-旭川,北海道／旭川,訳ありルーム（トリプル）,3650
2024-08-25,jalan,天然温泉 プレミアホテル-CABIN-旭川,北海道／旭川,和室,3650
2024-08-25,jalan,ホテルルートインＧｒａｎｄ旭川駅前,北海道／旭川,部屋タイプ,4675
2024-08-25,jalan,ホテルルートインＧｒａｎｄ旭川駅前,北海道／旭川,喫煙シングルルーム,4675
2024-08-25,jalan,ホテルルートインＧｒａｎｄ旭川駅前,北海道／旭川,禁煙シングルルーム（フロアに喫煙所あり）,4675
2024-08-25,jalan,ホテルルートインＧｒａｎｄ旭川駅前,北海道／旭川,禁煙シングルルーム,4675
2024-08-25,jalan,ホテルルートインＧｒａｎｄ旭川駅前,北海道／旭川,禁煙セミダブルルーム,4675
2024-08-25,jalan,ホテルルートインＧｒａｎｄ旭川駅前,北海道／旭川,喫煙ダブルルーム,4675
2024-08-25,jalan,ホテルルートインＧｒａｎｄ旭川駅前,北海道／旭川,禁煙ダブルルーム,4675
2024-08-25,jalan,ホテルルートインＧｒａｎｄ旭川駅前,北海道／旭川,喫煙ツインルーム,4675
2024-08-25,jalan,ホテルルートインＧｒａｎｄ旭川駅前,北海道／旭川,禁煙ツインルーム,4675
2024-08-25,jalan,ホテルルートインＧｒａｎｄ旭川駅前,北海道／旭川,禁煙デラックスツインルーム,4675
2024-08-25,jalan,ホテルルートインＧｒａｎｄ旭川駅前,北海道／旭川,禁煙フォースルーム,4675
2024-08-25,jalan,ホテルルートインＧｒａｎｄ旭川駅前,北海道／旭川,インターネット接続,4675
2024-08-25,jalan,ラビスタ大雪山（共立リゾート）,北海道／層雲峡・旭岳・天人峡,部屋タイプ,13200
2024-08-25,jalan,ラビスタ大雪山（共立リゾート）,北海道／層雲峡・旭岳・天人峡,雄大な旭岳を眺める眺望・ダブル,13200
2024-08-25,jalan,ラビスタ大雪山（共立リゾート）,北海道／層雲峡・旭岳・天人峡,コンフォートツイン,13200
2024-08-25,jalan,ラビスタ大雪山（共立リゾート）,北海道／層雲峡・旭岳・天人峡,雄大な旭岳を眺める眺望・ツイン,13200
2024-08-25,jalan,ラビスタ大雪山（共立リゾート）,北海道／層雲峡・旭岳・天人峡,フォレストビュークラシック(和洋室),13200
2024-08-25,jalan,ラビスタ大雪山（共立リゾート）,北海道／層雲峡・旭岳・天人峡,デラックス(トリプル),13200
2024-08-25,jalan,ラビスタ大雪山（共立リゾート）,北海道／層雲峡・旭岳・天人峡,ラグジュアリー,13200
2024-08-25,jalan,ラビスタ大雪山（共立リゾート）,北海道／層雲峡・旭岳・天人峡,インターネット接続,13200
2024-08-25,jalan,ラビスタ大雪山（共立リゾート）,北海道／層雲峡・旭岳・天人峡,こだわり,13200
2024-08-25,jalan,ラビスタ大雪山（共立リゾート）,北海道／層雲峡・旭岳・天人峡,部屋設備補足事項,13200
2024-08-25,jalan,ラビスタ大雪山（共立リゾート）,北海道／層雲峡・旭岳・天人峡,税金,13200
2024-08-25,jalan,天然温泉神威の湯　ドーミーイン旭川,北海道／旭川,部屋タイプ,4900
2024-08-25,jalan,天然温泉神威の湯　ドーミーイン旭川,北海道／旭川,■ダブルルーム,4900
2024-08-25,jalan,天然温泉神威の湯　ドーミーイン旭川,北海道／旭川,■クイーンルーム,4900
2024-08-25,jalan,天然温泉神威の湯　ドーミーイン旭川,北海道／旭川,■デラックスクイーンルーム,4900
2024-08-25,jalan,天然温泉神威の湯　ドーミーイン旭川,北海道／旭川,■ツインルーム,4900
2024-08-25,jalan,天然温泉神威の湯　ドーミーイン旭川,北海道／旭川,■和洋室,4900
2024-08-25,jalan,天然温泉神威の湯　ドーミーイン旭川,北海道／旭川,インターネット接続,4900
2024-08-25,jalan,天然温泉神威の湯　ドーミーイン旭川,北海道／旭川,こだわり,4900
2024-08-25,jalan,天然温泉神威の湯　ドーミーイン旭川,北海道／旭川,部屋設備補足事項,4900
2024-08-25,jalan,天然温泉神威の湯　ドーミーイン旭川,北海道／旭川,税金,4900
2024-08-25,jalan,ワイズホテル旭川駅前,北海道／旭川,部屋タイプ,3500
2024-08-25,jalan,ワイズホテル旭川駅前,北海道／旭川,セミダブルルーム,3500
2024-08-25,jalan,ワイズホテル旭川駅前,北海道／旭川,ツインルーム,3500
2024-08-25,jalan,ワイズホテル旭川駅前,北海道／旭川,インターネット接続,3500
2024-08-25,jalan,ＪＲイン旭川,北海道／旭川,部屋タイプ,4300
2024-08-25,jalan,ＪＲイン旭川,北海道／旭川,インターネット接続,4300
2024-08-25,jalan,ホテルＷＢＦグランデ旭川,北海道／旭川,部屋タイプ,4860
2024-08-25,jalan,ホテルＷＢＦグランデ旭川,北海道／旭川,セミダブルルーム,4860
2024-08-25,jalan,ホテルＷＢＦグランデ旭川,北海道／旭川,ダブルルーム,4860
2024-08-25,jalan,ホテルＷＢＦグランデ旭川,北海道／旭川,ツインルーム(コネクティングルーム有),4860
2024-08-25,jalan,ホテルＷＢＦグランデ旭川,北海道／旭川,ファミリー和洋室,4860
2024-08-25,jalan,ホテルＷＢＦグランデ旭川,北海道／旭川,バリアフリーツインルーム,4860
2024-08-25,jalan,ホテルＷＢＦグランデ旭川,北海道／旭川,インターネット接続,4860
2024-08-25,jalan,ホテルＷＢＦグランデ旭川,北海道／旭川,こだわり,4860
2024-08-25,jalan,ホテルＷＢＦグランデ旭川,北海道／旭川,部屋設備補足事項,4860
2024-08-25,jalan,東川・旭岳温泉 ホテルベアモンテ,北海道／層雲峡・旭岳・天人峡,部屋タイプ,18700
2024-08-25,jalan,東川・旭岳温泉 ホテルベアモンテ,北海道／層雲峡・旭岳・天人峡,リラックスシングル,18700
2024-08-25,jalan,東川・旭岳温泉 ホテルベアモンテ,北海道／層雲峡・旭岳・天人峡,スーペリアツイン,18700
2024-08-25,jalan,東川・旭岳温泉 ホテルベアモンテ,北海道／層雲峡・旭岳・天人峡,メゾネットフォースルーム,18700
2024-08-25,jalan,東川・旭岳温泉 ホテルベアモンテ,北海道／層雲峡・旭岳・天人峡,ラグジュアリーツイン,18700
2024-08-25,jalan,東川・旭岳温泉 ホテルベアモンテ,北海道／層雲峡・旭岳・天人峡,スイートルーム,18700
2024-08-25,jalan,東川・旭岳温泉 ホテルベアモンテ,北海道／層雲峡・旭岳・天人峡,インターネット接続,18700
2024-08-25,jalan,東川・旭岳温泉 ホテルベアモンテ,北海道／層雲峡・旭岳・天人峡,部屋設備補足事項,18700
2024-08-25,jalan,東川・旭岳温泉 ホテルベアモンテ,北海道／層雲峡・旭岳・天人峡,税金,18700
2024-08-25,rakuten,ホテルエミオン東京ベイ,舞浜・浦安・船橋・幕張,エミオンタワー　カジュアル５（全室禁煙）,3200
2024-08-25,rakuten,ホテルエミオン東京ベイ,舞浜・浦安・船橋・幕張,エミオンタワー　和洋室Ａタイプ（全室禁煙）,3200
2024-08-25,rakuten,ホテルエミオン東京ベイ,舞浜・浦安・船橋・幕張,エミオンタワー　和洋室Ｂタイプ（全室禁煙）,3200
2024-08-25,rakuten,ホテルエミオン東京ベイ,舞浜・浦安・船橋・幕張,エミオンタワー　ファミリー6（全室禁煙）,3200
2024-08-25,rakuten,ホテルエミオン東京ベイ,舞浜・浦安・船橋・幕張,エミオンスクエア　スクエアフォース（全室禁煙）,3200
2024-08-25,rakuten,ホテルエミオン東京ベイ,舞浜・浦安・船橋・幕張,44平米以上確約（禁煙お部屋おまかせ6名様）,3200
2024-08-25,rakuten,ホテルエミオン東京ベイ,舞浜・浦安・船橋・幕張,【バルコニー付き】カジュアル５（全室禁煙）,3200
2024-08-25,rakuten,ホテルエミオン東京ベイ,舞浜・浦安・船橋・幕張,エミオンスクエア　スクエアコーナーフォース（全室禁煙）,3200
2024-08-25,rakuten,ホテルエミオン東京ベイ,舞浜・浦安・船橋・幕張,エミオンタワー　カジュアル4（全室禁煙）,3200
2024-08-25,rakuten,ホテルエミオン東京ベイ,舞浜・浦安・船橋・幕張,44平米以上確約（禁煙お部屋おまかせ5名様）,3200
2024-08-25,rakuten,ホテルエミオン東京ベイ,舞浜・浦安・船橋・幕張,エミオンタワー　リラックステラスルーム（全室禁煙）,3200
2024-08-25,rakuten,ホテルエミオン東京ベイ,舞浜・浦安・船橋・幕張,【エミオンタワー】和洋室（Bタイプ）バルコニー付き,3200
2024-08-25,rakuten,ホテルエミオン東京ベイ,舞浜・浦安・船橋・幕張,エミオンタワー　スタンダードルーム（全室禁煙）,3200
2024-08-25,rakuten,ホテルエミオン東京ベイ,舞浜・浦安・船橋・幕張,44平米以上確約（禁煙お部屋おまかせ4名様）,3200
2024-08-25,rakuten,ホテルエミオン東京ベイ,舞浜・浦安・船橋・幕張,エミオンタワー　和室（全室禁煙/6畳）,3200
2024-08-25,rakuten,ホテルエミオン東京ベイ,舞浜・浦安・船橋・幕張,エミオンタワー　コーナーテラスルーム（全室禁煙）,3200
2024-08-25,rakuten,ホテルエミオン東京ベイ,舞浜・浦安・船橋・幕張,エミオンタワー　デラックスルーム（全室禁煙）,3200
2024-08-25,rakuten,ホテルエミオン東京ベイ,舞浜・浦安・船橋・幕張,エミオンタワー　ユニバーサルルーム（全室禁煙）,3200
2024-08-25,rakuten,ホテルエミオン東京ベイ,舞浜・浦安・船橋・幕張,エミオンタワー　エミオンルーム ツイン（全室禁煙）,3200
2024-08-25,rakuten,ホテルエミオン東京ベイ,舞浜・浦安・船橋・幕張,エミオンスクエア　ヒカリテラスルーム（全室禁煙）,3200
2024-08-25,rakuten,ホテルエミオン東京ベイ,舞浜・浦安・船橋・幕張,44平米以上確約（禁煙お部屋おまかせ3名様）,3200
2024-08-25,rakuten,ホテルエミオン東京ベイ,舞浜・浦安・船橋・幕張,エミオンタワー　キッズプレジャールーム（全室禁煙）,3200
2024-08-25,rakuten,ホテルエミオン東京ベイ,舞浜・浦安・船橋・幕張,エミオンタワー　エミオンルーム ダブル（全室禁煙）,3200
2024-08-25,rakuten,ホテルエミオン東京ベイ,舞浜・浦安・船橋・幕張,44平米以上確約（禁煙お部屋おまかせ2名様）,3200
2024-08-25,rakuten,ホテルエミオン東京ベイ,舞浜・浦安・船橋・幕張,TDL４枚付　エミオンスクエア　スクエアフォース（全室禁煙）,3200
2024-08-25,rakuten,ホテルエミオン東京ベイ,舞浜・浦安・船橋・幕張,TDS４枚付　エミオンスクエア　スクエアフォース（全室禁煙）,3200
2024-08-25,rakuten,ホテルエミオン東京ベイ,舞浜・浦安・船橋・幕張,TDL４枚付　エミオンタワー　カジュアル5（全室禁煙）,3200
2024-08-25,rakuten,ホテルエミオン東京ベイ,舞浜・浦安・船橋・幕張,TDS４枚付　エミオンタワー　カジュアル5（全室禁煙）,3200
2024-08-25,rakuten,ホテルエミオン東京ベイ,舞浜・浦安・船橋・幕張,TDL３枚付　エミオンタワー　スタンダードルーム（全室禁煙）,3200
2024-08-25,rakuten,ホテルエミオン東京ベイ,舞浜・浦安・船橋・幕張,TDS３枚付　エミオンタワー　スタンダードルーム（全室禁煙）,3200
2024-08-25,rakuten,グランドニッコー東京ベイ　舞浜,舞浜・浦安・船橋・幕張,■ガーデンスーペリアルーム【禁煙】,6100
2024-08-25,rakuten,グランドニッコー東京ベイ　舞浜,舞浜・浦安・船橋・幕張,■ガーデンデラックスルーム【禁煙】,6100
2024-08-25,rakuten,グランドニッコー東京ベイ　舞浜,舞浜・浦安・船橋・幕張,■レインボースーペリアルーム【禁煙】,6100
2024-08-25,rakuten,グランドニッコー東京ベイ　舞浜,舞浜・浦安・船橋・幕張,■ガーデンスタンダードルーム【禁煙】,6100
2024-08-25,rakuten,グランドニッコー東京ベイ　舞浜,舞浜・浦安・船橋・幕張,■レインボーデラックスルーム【禁煙】,6100
2024-08-25,rakuten,グランドニッコー東京ベイ　舞浜,舞浜・浦安・船橋・幕張,■レインボースタンダードルーム【禁煙】,6100
2024-08-25,rakuten,グランドニッコー東京ベイ　舞浜,舞浜・浦安・船橋・幕張,■レインボーデラックスファミリールーム【禁煙】,6100
2024-08-25,rakuten,グランドニッコー東京ベイ　舞浜,舞浜・浦安・船橋・幕張,■ガーデンデラックスファミリールーム【禁煙】,6100
2024-08-25,rakuten,グランドニッコー東京ベイ　舞浜,舞浜・浦安・船橋・幕張,■ニッコースタンダードルーム【禁煙】,6100
2024-08-25,rakuten,グランドニッコー東京ベイ　舞浜,舞浜・浦安・船橋・幕張,■ニッコーデラックスファミリー ルーム【禁煙】,6100
2024-08-25,rakuten,ホテル近鉄ユニバーサル・シティ,大阪,【禁煙】ファミリールーム,5800
2024-08-25,rakuten,ホテル近鉄ユニバーサル・シティ,大阪,禁煙コーナーファミリールーム 最大５名,5800
2024-08-25,rakuten,ホテル近鉄ユニバーサル・シティ,大阪,お部屋おまかせ　最大４名様まで,5800
2024-08-25,rakuten,ホテル近鉄ユニバーサル・シティ,大阪,お部屋おまかせ　最大３名様まで,5800
2024-08-25,rakuten,ホテル近鉄ユニバーサル・シティ,大阪,【禁煙】カジュアルツインルーム,5800
2024-08-25,rakuten,ホテル近鉄ユニバーサル・シティ,大阪,スーペリアルーム,5800
2024-08-25,rakuten,ホテル近鉄ユニバーサル・シティ,大阪,エナジーポップルーム　バンクベッド,5800
2024-08-25,rakuten,ホテル近鉄ユニバーサル・シティ,大阪,【禁煙】高層階カジュアルツイン,5800
2024-08-25,rakuten,ホテル近鉄ユニバーサル・シティ,大阪,【禁煙】隣同士をお約束専用♪２部屋セットルーム,5800
2024-08-25,rakuten,ホテル近鉄ユニバーサル・シティ,大阪,コーナーファミリールーム（エナジーポップ）,5800
2024-08-25,rakuten,ホテル近鉄ユニバーサル・シティ,大阪,【禁煙】★スタジオビュー★ カジュアルツインルーム,5800
2024-08-25,rakuten,ホテル近鉄ユニバーサル・シティ,大阪,スーペリアルーム スタジオビュー,5800
2024-08-25,rakuten,ホテル近鉄ユニバーサル・シティ,大阪,【禁煙】★スタジオビュー★ カジュアルダブルルーム,5800
2024-08-25,rakuten,ホテル近鉄ユニバーサル・シティ,大阪,デラックスコーナールーム,5800
2024-08-25,rakuten,ホテル近鉄ユニバーサル・シティ,大阪,セサミストリートＴＭ・ワクワク　ファン・ルーム　カジュアル,5800
2024-08-25,rakuten,ホテル近鉄ユニバーサル・シティ,大阪,モッピーのラッキー・ルーム,5800
2024-08-25,rakuten,ホテル近鉄ユニバーサル・シティ,大阪,エルモのハッピー・ルーム  スタジオビュー,5800
2024-08-25,rakuten,ホテル近鉄ユニバーサル・シティ,大阪,モッピーのラッキー・ルーム　ハリウッドツイン,5800
2024-08-25,rakuten,ホテル近鉄ユニバーサル・シティ,大阪,デラックスコーナールーム スタジオビュー,5800
2024-08-25,rakuten,ホテル近鉄ユニバーサル・シティ,大阪,エルモのハッピー・ルーム　ダブルルーム,5800
2024-08-25,rakuten,三井ガーデンホテル　プラナ東京ベイ,舞浜・浦安・船橋・幕張,お部屋タイプおまかせ【禁煙】,4320
2024-08-25,rakuten,三井ガーデンホテル　プラナ東京ベイ,舞浜・浦安・船橋・幕張,バルコニーフォース【禁煙】,4320
2024-08-25,rakuten,三井ガーデンホテル　プラナ東京ベイ,舞浜・浦安・船橋・幕張,【室数限定】バルコニーフォース【禁煙】,4320
2024-08-25,rakuten,三井ガーデンホテル　プラナ東京ベイ,舞浜・浦安・船橋・幕張,デラックスツイン【禁煙】,4320
2024-08-25,rakuten,三井ガーデンホテル　プラナ東京ベイ,舞浜・浦安・船橋・幕張,プラナフォース【禁煙】,4320
2024-08-25,rakuten,三井ガーデンホテル　プラナ東京ベイ,舞浜・浦安・船橋・幕張,ハロウィーンルーム【禁煙】／36.4平米・バルコニー付,4320
2024-08-25,rakuten,三井ガーデンホテル　プラナ東京ベイ,舞浜・浦安・船橋・幕張,テラスシックスス【禁煙】,4320
2024-08-25,rakuten,三井ガーデンホテル　プラナ東京ベイ,舞浜・浦安・船橋・幕張,テラスフィフス【禁煙】,4320
2024-08-25,rakuten,三井ガーデンホテル　プラナ東京ベイ,舞浜・浦安・船橋・幕張,コーナーフォース【禁煙】,4320
2024-08-25,rakuten,三井ガーデンホテル　プラナ東京ベイ,舞浜・浦安・船橋・幕張,テラスシックスス【禁煙】,4320
2024-08-25,rakuten,三井ガーデンホテル　プラナ東京ベイ,舞浜・浦安・船橋・幕張,＜パパママ楽×楽＞　バルコニーフォース【禁煙】,4320
2024-08-25,rakuten,三井ガーデンホテル　プラナ東京ベイ,舞浜・浦安・船橋・幕張,ウェルカムベビープラナフォース【禁煙】,4320
2024-08-25,rakuten,三井ガーデンホテル　プラナ東京ベイ,舞浜・浦安・船橋・幕張,デラックスステートツイン【禁煙】,4320
2024-08-25,rakuten,三井ガーデンホテル　プラナ東京ベイ,舞浜・浦安・船橋・幕張,【INLAND】バルコニーフォース4名【禁煙】,4320
2024-08-25,rakuten,三井ガーデンホテル　プラナ東京ベイ,舞浜・浦安・船橋・幕張,【INSEA】バルコニーフォース4名【禁煙】,4320
2024-08-25,rakuten,三井ガーデンホテル　プラナ東京ベイ,舞浜・浦安・船橋・幕張,ドッグフレンドリールーム【禁煙】,4320
2024-08-25,rakuten,三井ガーデンホテル　プラナ東京ベイ,舞浜・浦安・船橋・幕張,【INLAND】バルコニーフォース3名【禁煙】,4320
2024-08-25,rakuten,三井ガーデンホテル　プラナ東京ベイ,舞浜・浦安・船橋・幕張,【INSEA】バルコニーフォース3名【禁煙】,4320
2024-08-25,rakuten,三井ガーデンホテル　プラナ東京ベイ,舞浜・浦安・船橋・幕張,コーナーテラスシックスス【禁煙】,4320
2024-08-25,rakuten,三井ガーデンホテル　プラナ東京ベイ,舞浜・浦安・船橋・幕張,【INSEA】バルコニーフォース2名【禁煙】,4320
2024-08-25,rakuten,品川プリンスホテル,東京２３区内,【〜3名利用】メインタワーコーナーツイン（6〜16階）禁煙☆,5496
2024-08-25,rakuten,品川プリンスホテル,東京２３区内,【3名利用】アネックスタワーキングルーム禁煙,5496
2024-08-25,rakuten,品川プリンスホテル,東京２３区内,アネックスタワー　ツイン（禁煙）,5496
2024-08-25,rakuten,品川プリンスホテル,東京２３区内,【〜3名利用】メインタワーコーナーツイン（19〜27階）禁煙,5496
2024-08-25,rakuten,品川プリンスホテル,東京２３区内,【3名利用】メインタワーコーナーツイン（禁煙）,5496
2024-08-25,rakuten,品川プリンスホテル,東京２３区内,【3名利用】メインタワーコーナーツイン（喫煙）,5496
2024-08-25,rakuten,品川プリンスホテル,東京２３区内,【3名利用】アネックスタワー高層階キングルーム禁煙,5496
2024-08-25,rakuten,品川プリンスホテル,東京２３区内,メインタワーツインルーム（禁煙）,5496
2024-08-25,rakuten,品川プリンスホテル,東京２３区内,アネックスタワーダブルルーム（禁煙）,5496
2024-08-25,rakuten,品川プリンスホテル,東京２３区内,【〜3名利用】高層階メインタワーコーナーツイン（禁煙）,5496
2024-08-25,rakuten,品川プリンスホテル,東京２３区内,メインタワーツインルーム（18〜27階）禁煙,5496
2024-08-25,rakuten,品川プリンスホテル,東京２３区内,メインタワーツインルーム（17階）喫煙,5496
2024-08-25,rakuten,品川プリンスホテル,東京２３区内,メインタワーツインルーム（32階）喫煙,5496
2024-08-25,rakuten,品川プリンスホテル,東京２３区内,メインタワー高層階ツインルーム（28〜34階）禁煙,5496
2024-08-25,rakuten,品川プリンスホテル,東京２３区内,アネックスタワー高層ダブルルーム(21階以上） 禁煙,5496
2024-08-25,rakuten,品川プリンスホテル,東京２３区内,メインタワープレミアダブルルーム（35〜36階 ）禁煙,5496
2024-08-25,rakuten,品川プリンスホテル,東京２３区内,メインタワープレミアダブルルーム（37階）喫煙,5496
2024-08-25,rakuten,品川プリンスホテル,東京２３区内,アネックスタワーキングルーム（禁煙）,5496
2024-08-25,rakuten,品川プリンスホテル,東京２３区内,アネックスタワー　ミレニアルダブル（禁煙）30〜32階,5496
2024-08-25,rakuten,品川プリンスホテル,東京２３区内,アネックスタワー高層キングルーム（禁煙）,5496
2024-08-25,rakuten,品川プリンスホテル,東京２３区内,アネックスタワー　ミレニアルツイン（禁煙）30〜32階,5496
2024-08-25,rakuten,品川プリンスホテル,東京２３区内,メインタワーコーナーツイン（28〜34階）禁煙,5496
2024-08-25,rakuten,品川プリンスホテル,東京２３区内,メインタワーコーナーツイン（32階）喫煙,5496
2024-08-25,rakuten,品川プリンスホテル,東京２３区内,メインタワーコーナーツインルーム（35〜36階）禁煙,5496
2024-08-25,rakuten,品川プリンスホテル,東京２３区内,メインタワーコーナーツインルーム（37階）喫煙,5496
2024-08-25,rakuten,品川プリンスホテル,東京２３区内,アネックスタワー　ミレニアルキング（禁煙）30〜32階,5496
2024-08-25,rakuten,品川プリンスホテル,東京２３区内,メインタワーツイン（28〜34階 禁煙）東京タワービュー,5496
2024-08-25,rakuten,品川プリンスホテル,東京２３区内,アネックスタワー高層ダブルルーム(禁煙)東京タワービュー,5496
2024-08-25,rakuten,品川プリンスホテル,東京２３区内,メインタワーダブル（35〜36階 禁煙）東京タワービュー,5496
2024-08-25,rakuten,品川プリンスホテル,東京２３区内,アネックスタワーミレニアルツイン（禁煙）東京タワービュー,5496
2024-08-25,rakuten,東京ベイ舞浜ホテル,舞浜・浦安・船橋・幕張,シンフォニールーム（低層階/眺望なし）,6210
2024-08-25,rakuten,東京ベイ舞浜ホテル,舞浜・浦安・船橋・幕張,シンフォニールーム■禁煙■期間限定,6210
2024-08-25,rakuten,東京ベイ舞浜ホテル,舞浜・浦安・船橋・幕張,シンフォニールーム■禁煙■,6210
2024-08-25,rakuten,東京ベイ舞浜ホテル,舞浜・浦安・船橋・幕張,シンフォニールーム■禁煙■PS,6210
2024-08-25,rakuten,東京ベイ舞浜ホテル,舞浜・浦安・船橋・幕張,【特別階】ハース・シンフォニールーム■禁煙■,6210
2024-08-25,rakuten,東京ベイ舞浜ホテル,舞浜・浦安・船橋・幕張,お部屋おまかせ３名１室■禁煙■,6210
2024-08-25,rakuten,東京ベイ舞浜ホテル,舞浜・浦安・船橋・幕張,ハーモニールーム（低層階/眺望なし）,6210
2024-08-25,rakuten,東京ベイ舞浜ホテル,舞浜・浦安・船橋・幕張,ハーモニールーム■禁煙■,6210
2024-08-25,rakuten,東京ベイ舞浜ホテル,舞浜・浦安・船橋・幕張,ハーモニールーム■禁煙■PS,6210
2024-08-25,rakuten,東京ベイ舞浜ホテル,舞浜・浦安・船橋・幕張,ハーモニールーム■禁煙■期間限定,6210
2024-08-25,rakuten,東京ベイ舞浜ホテル,舞浜・浦安・船橋・幕張,【特別階】ハース・ハーモニールーム■禁煙■,6210
2024-08-25,rakuten,東京ベイ舞浜ホテル,舞浜・浦安・船橋・幕張,ハース・シンフォニールーム■禁煙■PS,6210
2024-08-25,rakuten,東京ベイ舞浜ホテル,舞浜・浦安・船橋・幕張,カントリーハロウィーン・シンフォニールーム,6210
2024-08-25,rakuten,東京ベイ舞浜ホテル,舞浜・浦安・船橋・幕張,魔女の不思議なハロウィーン・シンフォニールーム,6210
2024-08-25,rakuten,東京ベイ舞浜ホテル,舞浜・浦安・船橋・幕張,ハース・ハーモニールーム■禁煙■PS,6210
2024-08-25,rakuten,東京ベイ舞浜ホテル,舞浜・浦安・船橋・幕張,コネクティング・ハーモニールーム■禁煙■PS,6210
2024-08-25,rakuten,東京ベイ舞浜ホテル,舞浜・浦安・船橋・幕張,シンフォニールーム■禁煙■FD,6210
2024-08-25,rakuten,東京ベイ舞浜ホテル,舞浜・浦安・船橋・幕張,お部屋おまかせ２名１室■禁煙■,6210
2024-08-25,rakuten,東京ベイ舞浜ホテル,舞浜・浦安・船橋・幕張,魔女の不思議なハロウィーン・ハーモニールーム,6210
2024-08-25,rakuten,東京ベイ舞浜ホテル,舞浜・浦安・船橋・幕張,カントリーハロウィーン・ハーモニールーム,6210
2024-08-25,rakuten,グランドメルキュール琵琶湖リゾート＆スパ（旧ホテ...,長浜・米原,クラシックツイン（和洋室）レイクビュー【ラウンジ特典付】,4659
2024-08-25,rakuten,グランドメルキュール琵琶湖リゾート＆スパ（旧ホテ...,長浜・米原,和室　レイクビュー【ラウンジ特典付】,4659
2024-08-25,rakuten,グランドメルキュール琵琶湖リゾート＆スパ（旧ホテ...,長浜・米原,クラシックツイン レイクビュー【ラウンジ特典付】,4659
2024-08-25,rakuten,グランドメルキュール琵琶湖リゾート＆スパ（旧ホテ...,長浜・米原,クラシックアクセシブルツイン　レイクビュー【ラウンジ特典付】,4659
2024-08-25,rakuten,グランドメルキュール琵琶湖リゾート＆スパ（旧ホテ...,長浜・米原,クラシックツイン　マウンテンビュー【ラウンジ特典付】,4659
2024-08-25,rakuten,グランドメルキュール琵琶湖リゾート＆スパ（旧ホテ...,長浜・米原,スタンダードツイン　レイクビュー【ラウンジ特典付】,4659
2024-08-25,rakuten,グランドメルキュール琵琶湖リゾート＆スパ（旧ホテ...,長浜・米原,スタンダードダブル　マウンテンビュー【ラウンジ特典付】,4659
2024-08-25,rakuten,グランドメルキュール琵琶湖リゾート＆スパ（旧ホテ...,長浜・米原,スタンダードツイン（和洋室）レイクビュー【ラウンジ特典付】,4659
2024-08-25,rakuten,グランドメルキュール琵琶湖リゾート＆スパ（旧ホテ...,長浜・米原,クラシックシングル　マウンテンビュー【ラウンジ特典付】,4659
2024-08-25,rakuten,グランドメルキュール琵琶湖リゾート＆スパ（旧ホテ...,長浜・米原,スタンダードツイン　マウンテンビュー【ラウンジ特典付】,4659
2024-08-25,rakuten,東京第一ホテル錦,名古屋,セミダブルルーム(禁煙室ベッド幅140cm),3562
2024-08-25,rakuten,東京第一ホテル錦,名古屋,セミダブルルーム(喫煙室ベッド幅140cm),3562
2024-08-25,rakuten,東京第一ホテル錦,名古屋,トリプルルーム(禁煙室/27.8平米),3562
2024-08-25,rakuten,東京第一ホテル錦,名古屋,トリプルルーム(喫煙室/27.8平米),3562
2024-08-25,rakuten,東京第一ホテル錦,名古屋,ダブルルーム(禁煙室/21.1平米ベッド幅160cm),3562
2024-08-25,rakuten,東京第一ホテル錦,名古屋,ダブルルーム(喫煙室/21.1平米ベッド幅160cm),3562
2024-08-25,rakuten,東京第一ホテル錦,名古屋,カジュアルツイン(禁煙室/27.8平米/ベッド幅110cm),3562
2024-08-25,rakuten,東京第一ホテル錦,名古屋,カジュアルツイン(喫煙室/27.8平米/ベッド幅110cm),3562
2024-08-25,rakuten,東京第一ホテル錦,名古屋,シングルルーム(禁煙室/17.0平米/ベッド幅140cm),3562
2024-08-25,rakuten,東京第一ホテル錦,名古屋,シングルルーム(喫煙室/17.0平米/ベッド幅140cm),3562
2024-08-25,rakuten,東京第一ホテル錦,名古屋,スタンダードツイン(禁煙/27.8平米/ベッド幅110cm),3562
2024-08-25,rakuten,東京第一ホテル錦,名古屋,スタンダードツイン(喫煙/27.8平米/ベッド幅110cm),3562
2024-08-25,rakuten,東京第一ホテル錦,名古屋,デラックスツインルーム(喫煙室/34.0平米),3562
2024-08-25,rakuten,東京第一ホテル錦,名古屋,エグゼクティブツイン(喫煙室/42.2平米),3562
2024-08-25,rakuten,東京第一ホテル錦,名古屋,デラックスシングルルーム(禁煙室/21.1平米),3562
2024-08-25,rakuten,東京第一ホテル錦,名古屋,デラックスシングルルーム(喫煙室/21.1平米),3562
2024-08-25,rakuten,東京第一ホテル錦,名古屋,カジュアル　ツインの1名利用/禁煙室27平米,3562
2024-08-25,rakuten,東京第一ホテル錦,名古屋,カジュアル　ツインの1名様利用(喫煙室/27.8平米),3562
2024-08-25,rakuten,東京第一ホテル錦,名古屋,スタンダードツインルームの1名様利用(禁煙室/27.8平米),3562
2024-08-25,rakuten,東京第一ホテル錦,名古屋,スタンダードツインルームの1名様利用(喫煙室/27.8平米),3562
2024-08-25,rakuten,ホテル京阪　ユニバーサル・タワー,大阪,★お部屋おまかせ★,5620
2024-08-25,rakuten,ホテル京阪　ユニバーサル・タワー,大阪,【バンクベッド】スタンダードルーム（25平米）,5620
2024-08-25,rakuten,ホテル京阪　ユニバーサル・タワー,大阪,【リニューアル】スタンダードルーム（25平米）,5620
2024-08-25,rakuten,ホテル京阪　ユニバーサル・タワー,大阪,【コンフォート】スタンダードトリプル（25平米）,5620
2024-08-25,rakuten,ホテル京阪　ユニバーサル・タワー,大阪,【高層階タワーグランデ】スタンダードルーム（25平米）,5620
2024-08-25,rakuten,ホテル京阪　ユニバーサル・タワー,大阪,【バンクベッド】スーペリアルーム（37平米）,5620
2024-08-25,rakuten,ホテル京阪　ユニバーサル・タワー,大阪,●＜隣室確約＞スタンダードツイン　2室4〜6名様,5620
2024-08-25,rakuten,ホテル京阪　ユニバーサル・タワー,大阪,【リニューアル】スーペリアトリプル（37平米）,5620
2024-08-25,rakuten,ホテル京阪　ユニバーサル・タワー,大阪,●カジュアルツイン（21平米）,5620
2024-08-25,rakuten,ホテル京阪　ユニバーサル・タワー,大阪,【高層階タワーグランデ】カジュアルツイン（21平米）,5620
2024-08-25,rakuten,ホテル京阪　ユニバーサル・タワー,大阪,【高層階タワーグランデ】スーペリアルーム（37平米）,5620
2024-08-25,rakuten,ホテル京阪　ユニバーサル・タワー,大阪,●スタンダードルーム（25平米）,5620
2024-08-25,rakuten,ホテル京阪　ユニバーサル・タワー,大阪,【コンフォート】スーペリアフォース（37平米）,5620
2024-08-25,rakuten,ホテル京阪　ユニバーサル・タワー,大阪,【5名利用】スーペリアルーム（37平米）,5620
2024-08-25,rakuten,ホテル京阪　ユニバーサル・タワー,大阪,【高層階タワーグランデ】スタンダードダブル（25平米）,5620
2024-08-25,rakuten,ホテル京阪　ユニバーサル・タワー,大阪,●スーペリアルーム（37平米）,5620
2024-08-25,rakuten,ホテル京阪　ユニバーサル・タワー,大阪,【3〜4名利用】スーペリアルーム（37平米）,5620
2024-08-25,rakuten,ホテル京阪　ユニバーサル・タワー,大阪,28〜29階【タワープレミアム】スーペリアルーム（37平米）,5620
2024-08-25,rakuten,ホテル京阪　ユニバーサル・タワー,大阪,28〜30階【タワープレミアム】カジュアルツイン(21平米),5620
2024-08-25,rakuten,ホテル京阪　ユニバーサル・タワー,大阪,28〜30階【タワープレミアム】スタンダードツイン/25平米,5620
2024-08-25,rakuten,那須温泉　ホテルエピナール那須,那須・板室・黒磯,【洋室】《コンパクトツイン》メインタワー3階■禁煙■14平米,8200
2024-08-25,rakuten,那須温泉　ホテルエピナール那須,那須・板室・黒磯,【洋室】《リゾートマンション※離れ》定員3名◆喫煙可◆,8200
2024-08-25,rakuten,那須温泉　ホテルエピナール那須,那須・板室・黒磯,【和洋室】《リゾートマンション※離れ》最大定員8名◆喫煙可◆,8200
2024-08-25,rakuten,那須温泉　ホテルエピナール那須,那須・板室・黒磯,【和洋室】《絆》ファミリールーム■禁煙■,8200
2024-08-25,rakuten,那須温泉　ホテルエピナール那須,那須・板室・黒磯,【和洋室】《絆》ファミリールーム◆喫煙可◆消臭対応可◎,8200
2024-08-25,rakuten,那須温泉　ホテルエピナール那須,那須・板室・黒磯,【洋室】《メインタワー新ルーム》スーペリア■禁煙■,8200
2024-08-25,rakuten,那須温泉　ホテルエピナール那須,那須・板室・黒磯,【洋室】《メインタワー新ルーム》デラックス■禁煙■,8200
2024-08-25,rakuten,那須温泉　ホテルエピナール那須,那須・板室・黒磯,【和洋室】★山側★《絆》ファミリールーム■禁煙■,8200
2024-08-25,rakuten,那須温泉　ホテルエピナール那須,那須・板室・黒磯,【洋室】《絆》ツインルーム■禁煙■ ,8200
2024-08-25,rakuten,那須温泉　ホテルエピナール那須,那須・板室・黒磯,【洋室】《絆》ツインルーム◆喫煙可◆消臭対応可◎,8200
2024-08-25,rakuten,那須温泉　ホテルエピナール那須,那須・板室・黒磯,【和洋室】《ベビールーム》★ウェルカムベビー認定★,8200
2024-08-25,rakuten,那須温泉　ホテルエピナール那須,那須・板室・黒磯,【洋室】《キッズルームＣ》★ウェルカムベビー認定★,8200
2024-08-25,rakuten,那須温泉　ホテルエピナール那須,那須・板室・黒磯,【和洋室】《絆》コーナースイートルーム■禁煙■ ,8200
2024-08-25,rakuten,那須温泉　ホテルエピナール那須,那須・板室・黒磯,【和洋室】《絆》コーナースイートルーム◆喫煙可◆消臭対応可◎,8200
2024-08-25,rakuten,那須温泉　ホテルエピナール那須,那須・板室・黒磯,【洋室】《キッズルームＤ》☆ウェルカムベビー認定☆,8200
2024-08-25,rakuten,那須温泉　ホテルエピナール那須,那須・板室・黒磯,【和洋室】《ファミリーコーナー》★ウェルカムベビー認定★,8200
2024-08-25,rakuten,那須温泉　ホテルエピナール那須,那須・板室・黒磯,【和洋室】《メインタワー新ルーム》デラックスコーナー■禁煙■,8200
2024-08-25,rakuten,那須温泉　ホテルエピナール那須,那須・板室・黒磯,【和洋室】《新絆》コーナースイートルーム■禁煙■ ,8200
2024-08-25,rakuten,那須温泉　ホテルエピナール那須,那須・板室・黒磯,【和洋室】★山側★《絆》コーナースイートルーム■禁煙■ ,8200
2024-08-25,rakuten,那須温泉　ホテルエピナール那須,那須・板室・黒磯,【洋室】《インルームダイニング》マウンテンビュー■禁煙■,8200
2024-08-25,rakuten,那須温泉　ホテルエピナール那須,那須・板室・黒磯,【和洋室】《アネックス12階ＥＸルーム》◆喫煙可◆,8200
2024-08-25,rakuten,那須温泉　ホテルエピナール那須,那須・板室・黒磯,【和洋室】★山側★《新絆》コーナースイートルーム■禁煙■ ,8200
2024-08-25,rakuten,那須温泉　ホテルエピナール那須,那須・板室・黒磯,【和洋室】《メインタワー新ルーム》ベビーデラックス■禁煙■,8200
2024-08-25,rakuten,那須温泉　ホテルエピナール那須,那須・板室・黒磯,【和洋室】《メインタワー新ルーム》キッズデラックス■禁煙■,8200
2024-08-25,rakuten,那須温泉　ホテルエピナール那須,那須・板室・黒磯,【洋室】《アネックス12階ＥＸルーム》◆喫煙可◆ ,8200
2024-08-25,rakuten,那須温泉　ホテルエピナール那須,那須・板室・黒磯,お部屋タイプホテルへおまかせ,8200
2024-08-25,rakuten,那須温泉　ホテルエピナール那須,那須・板室・黒磯,【和洋室】《メインタワー新ルーム》ベビーコーナー■禁煙■,8200
2024-08-25,rakuten,那須温泉　ホテルエピナール那須,那須・板室・黒磯,【和洋室】《メインタワー新ルーム》キッズコーナー■禁煙■,8200
2024-08-25,rakuten,那須温泉　ホテルエピナール那須,那須・板室・黒磯,【洋室】《インルームダイニング》マウンテンフロント■禁煙■,8200
2024-08-25,rakuten,那須温泉　ホテルエピナール那須,那須・板室・黒磯,【洋室】《ペットルーム》スーペリア（定員2名）■禁煙■ ,8200
2024-08-25,rakuten,仙台　秋保温泉　ホテル瑞鳳,秋保・作並,【和室】和室12畳（禁煙）,12000
2024-08-25,rakuten,仙台　秋保温泉　ホテル瑞鳳,秋保・作並,【和室】10畳　シャワーユニットスタイル【浴槽なし】（禁煙）,12000
2024-08-25,rakuten,仙台　秋保温泉　ホテル瑞鳳,秋保・作並,【和洋室】３階〜５階　和室12畳＋ツイン（禁煙）,12000
2024-08-25,rakuten,仙台　秋保温泉　ホテル瑞鳳,秋保・作並,【和室】 和室12畳＋6畳（禁煙）,12000
2024-08-25,rakuten,仙台　秋保温泉　ホテル瑞鳳,秋保・作並,【和洋室】６階〜１０階　和室12畳＋ツイン（禁煙）,12000
2024-08-25,rakuten,仙台　秋保温泉　ホテル瑞鳳,秋保・作並,【和室】和室15畳＋6畳＋6畳（禁煙）,12000
2024-08-25,rakuten,仙台　秋保温泉　ホテル瑞鳳,秋保・作並,【和洋室】３階〜５階　和室15畳＋ツイン（禁煙）,12000
2024-08-25,rakuten,仙台　秋保温泉　ホテル瑞鳳,秋保・作並,【和洋室】６階〜１０階　和室15畳＋ツイン（禁煙）,12000
2024-08-25,rakuten,仙台　秋保温泉　ホテル瑞鳳,秋保・作並,【洋室】洋室ツイン　シモンズベット　約20平米（禁煙）,12000
2024-08-25,rakuten,仙台　秋保温泉　ホテル瑞鳳,秋保・作並,【和室】最上階11階　和室15畳＋6畳（禁煙）,12000
2024-08-25,rakuten,リーベルホテル大阪,大阪,スタンダードツイン【禁煙】,6500
2024-08-25,rakuten,リーベルホテル大阪,大阪,スーペリアツイン【禁煙】,6500
2024-08-25,rakuten,リーベルホテル大阪,大阪,スタンダードダブル【禁煙】,6500
2024-08-25,rakuten,リーベルホテル大阪,大阪,デラックスルーム【禁煙】　66平米,6500
2024-08-25,rakuten,リーベルホテル大阪,大阪,スタンダードツイン・隣接確約【禁煙】,6500
2024-08-25,rakuten,リーベルホテル大阪,大阪,スーペリアツイン・隣接確約【禁煙】,6500
2024-08-25,rakuten,リーベルホテル大阪,大阪,デラックスルーム【トリプル・禁煙】　49平米,6500
2024-08-25,rakuten,リーベルホテル大阪,大阪,スペーシャスルーム　【ブライト・禁煙】,6500
2024-08-25,rakuten,リーベルホテル大阪,大阪,スペーシャスルーム　【グランド・禁煙】,6500
2024-08-25,rakuten,リーベルホテル大阪,大阪,ラグジュアリーフロア【モードツイン・禁煙】,6500
2024-08-25,rakuten,別府温泉　杉乃井ホテル（オリックスホテルズ＆リゾ...,別府・日出,【禁煙】虹館　ロフトルーム(21平米)2〜3F,8100
2024-08-25,rakuten,別府温泉　杉乃井ホテル（オリックスホテルズ＆リゾ...,別府・日出,【禁煙】虹館　ファミリールーム(21平米)2F,8100
2024-08-25,rakuten,別府温泉　杉乃井ホテル（オリックスホテルズ＆リゾ...,別府・日出,【禁煙】虹館　ツインルーム(21平米)4〜7F,8100
2024-08-25,rakuten,別府温泉　杉乃井ホテル（オリックスホテルズ＆リゾ...,別府・日出,【禁煙】虹館　ダブルルーム(21平米)8F,8100
2024-08-25,rakuten,別府温泉　杉乃井ホテル（オリックスホテルズ＆リゾ...,別府・日出,【禁煙】宙館 スタンダード(山側)　36平米,8100
2024-08-25,rakuten,別府温泉　杉乃井ホテル（オリックスホテルズ＆リゾ...,別府・日出,【禁煙】宙館 デラックス（山側）51平米,8100
2024-08-25,rakuten,別府温泉　杉乃井ホテル（オリックスホテルズ＆リゾ...,別府・日出,【禁煙】宙館 カジュアル(山側)　26平米,8100
2024-08-25,rakuten,別府温泉　杉乃井ホテル（オリックスホテルズ＆リゾ...,別府・日出,【禁煙】宙館 カジュアル(海側)　33平米,8100
2024-08-25,rakuten,別府温泉　杉乃井ホテル（オリックスホテルズ＆リゾ...,別府・日出,【禁煙】宙館 デラックス(海側)(4〜5名様)　46平米,8100
2024-08-25,rakuten,別府温泉　杉乃井ホテル（オリックスホテルズ＆リゾ...,別府・日出,【禁煙】宙館 デラックス(海側)(2〜3名様)　46平米,8100
2024-08-25,rakuten,神戸ベイシェラトンホテル＆タワーズ,神戸・有馬温泉・六甲山,【シェラトンフロア】デラックスツイン（喫煙）,5812
2024-08-25,rakuten,神戸ベイシェラトンホテル＆タワーズ,神戸・有馬温泉・六甲山,【シェラトンフロア】デラックスツイン（禁煙）,5812
2024-08-25,rakuten,神戸ベイシェラトンホテル＆タワーズ,神戸・有馬温泉・六甲山,【シェラトンフロア】デラックスファミリーツインB（禁煙）,5812
2024-08-25,rakuten,神戸ベイシェラトンホテル＆タワーズ,神戸・有馬温泉・六甲山,【シェラトンフロア】お部屋タイプおまかせ（28平米以上）喫煙,5812
2024-08-25,rakuten,神戸ベイシェラトンホテル＆タワーズ,神戸・有馬温泉・六甲山,【シェラトンフロア】お部屋タイプおまかせ（28平米以上）禁煙,5812
2024-08-25,rakuten,神戸ベイシェラトンホテル＆タワーズ,神戸・有馬温泉・六甲山,【スパフロア】デラックスツイン（禁煙）,5812
2024-08-25,rakuten,神戸ベイシェラトンホテル＆タワーズ,神戸・有馬温泉・六甲山,【シェラトンフロア】コーナーカルテット（禁煙）,5812
2024-08-25,rakuten,神戸ベイシェラトンホテル＆タワーズ,神戸・有馬温泉・六甲山,【シェラトンフロア】コーナーファミリーカルテット（禁煙）,5812
2024-08-25,rakuten,神戸ベイシェラトンホテル＆タワーズ,神戸・有馬温泉・六甲山,【プリファードフロア】デラックスツイン（六甲山側/禁煙）,5812
2024-08-25,rakuten,神戸ベイシェラトンホテル＆タワーズ,神戸・有馬温泉・六甲山,【プリファードフロア】デラックスキング（六甲山側/禁煙）,5812
2024-08-25,rakuten,神戸ベイシェラトンホテル＆タワーズ,神戸・有馬温泉・六甲山,【シェラトンフロア】モデレートツイン（喫煙）,5812
2024-08-25,rakuten,神戸ベイシェラトンホテル＆タワーズ,神戸・有馬温泉・六甲山,【シェラトンフロア】モデレートツイン（禁煙）,5812
2024-08-25,rakuten,神戸ベイシェラトンホテル＆タワーズ,神戸・有馬温泉・六甲山,【シェラトンフロア】コネクティングルーム36+36平米/禁煙,5812
2024-08-25,rakuten,神戸ベイシェラトンホテル＆タワーズ,神戸・有馬温泉・六甲山,【シェラトンフロア】コネクティングファミリールーム（禁煙）,5812
2024-08-25,rakuten,神戸ベイシェラトンホテル＆タワーズ,神戸・有馬温泉・六甲山,【スパフロア】モデレートツイン（禁煙）,5812
2024-08-25,rakuten,神戸ベイシェラトンホテル＆タワーズ,神戸・有馬温泉・六甲山,2020年4月RENEWAL★プリファードダブル（海側禁煙）,5812
2024-08-25,rakuten,神戸ベイシェラトンホテル＆タワーズ,神戸・有馬温泉・六甲山,【シェラトンフロア】プレミアツイン（禁煙）,5812
2024-08-25,rakuten,神戸ベイシェラトンホテル＆タワーズ,神戸・有馬温泉・六甲山,【シェラトンフロア】コーナーツイン（喫煙）,5812
2024-08-25,rakuten,神戸ベイシェラトンホテル＆タワーズ,神戸・有馬温泉・六甲山,【シェラトンフロア】デラックスファミリーツインA（禁煙）,5812
2024-08-25,rakuten,神戸ベイシェラトンホテル＆タワーズ,神戸・有馬温泉・六甲山,【スパフロア】プレミアツイン（禁煙）,5812
2024-08-25,rakuten,神戸ベイシェラトンホテル＆タワーズ,神戸・有馬温泉・六甲山,【プリファードフロア】プレミアキング（海側/禁煙）,5812
2024-08-25,rakuten,神戸ベイシェラトンホテル＆タワーズ,神戸・有馬温泉・六甲山,【プリファードフロア】コーナーツイン（六甲山側/禁煙）,5812
2024-08-25,rakuten,神戸ベイシェラトンホテル＆タワーズ,神戸・有馬温泉・六甲山,【スパフロア】テラスツイン（禁煙）,5812
2024-08-25,rakuten,神戸ベイシェラトンホテル＆タワーズ,神戸・有馬温泉・六甲山,【シェラトンフロア】プレミアファミリーツイン（禁煙）,5812
2024-08-25,rakuten,神戸ベイシェラトンホテル＆タワーズ,神戸・有馬温泉・六甲山,【クラブフロア】デラックスツイン（六甲山側/禁煙）,5812
2024-08-25,rakuten,神戸ベイシェラトンホテル＆タワーズ,神戸・有馬温泉・六甲山,【クラブフロア】クラブジャパニーズスイート（海側/禁煙） ,5812
2024-08-25,rakuten,神戸ベイシェラトンホテル＆タワーズ,神戸・有馬温泉・六甲山,2021年11月RENEWAL★クラブダブル（海側/禁煙）,5812
2024-08-25,rakuten,神戸ベイシェラトンホテル＆タワーズ,神戸・有馬温泉・六甲山,専有温泉露天風呂付和室（禁煙） ,5812
2024-08-25,rakuten,神戸ベイシェラトンホテル＆タワーズ,神戸・有馬温泉・六甲山,【クラブフロア】プレミアキング（海側/禁煙）,5812
2024-08-25,rakuten,神戸ベイシェラトンホテル＆タワーズ,神戸・有馬温泉・六甲山,【クラブフロア】コーナーツイン（六甲山側/禁煙）,5812
2024-08-25,rakuten,下呂温泉　水明館,下呂温泉・濁河温泉,＊飛泉閣または山水閣おまかせ【和室又は和洋室】,6600
2024-08-25,rakuten,下呂温泉　水明館,下呂温泉・濁河温泉,山水閣または飛泉閣【和室 ８畳〜１０畳】,6600
2024-08-25,rakuten,下呂温泉　水明館,下呂温泉・濁河温泉,飛泉閣または山水閣【和洋室】,6600
2024-08-25,rakuten,下呂温泉　水明館,下呂温泉・濁河温泉,臨川閣【和室12.5畳】バルコニー付【室内の温泉付】 ,6600
2024-08-25,rakuten,下呂温泉　水明館,下呂温泉・濁河温泉,【飛泉閣「6階」】和洋室2022年12月リニューアルOPEN,6600
2024-08-25,rakuten,下呂温泉　水明館,下呂温泉・濁河温泉,飛泉閣７Ｆ【和洋室】［禁煙］,6600
2024-08-25,rakuten,下呂温泉　水明館,下呂温泉・濁河温泉,臨川閣【和室12.5畳＋6畳】バルコニー付【室内の温泉付】 ,6600
2024-08-25,rakuten,下呂温泉　水明館,下呂温泉・濁河温泉,山水閣ベッドルーム【トリプル+和控え】[禁煙] 新ルーム,6600
2024-08-25,rakuten,下呂温泉　水明館,下呂温泉・濁河温泉,山水閣【和洋室】[禁煙] 新ルーム,6600
2024-08-25,rakuten,下呂温泉　水明館,下呂温泉・濁河温泉,【シングル】,6600
2024-08-25,rakuten,鬼怒川温泉　あさや,鬼怒川・川治・湯西川・川俣,【禁煙】秀峰館和室渓谷側10畳（3階〜5階）,17600
2024-08-25,rakuten,鬼怒川温泉　あさや,鬼怒川・川治・湯西川・川俣,【禁煙】秀峰館洋室（ツイン又はハリウッドツイン）,17600
2024-08-25,rakuten,鬼怒川温泉　あさや,鬼怒川・川治・湯西川・川俣,【禁煙】秀峰館洋室(スモールツイン・２０平米),17600
2024-08-25,rakuten,鬼怒川温泉　あさや,鬼怒川・川治・湯西川・川俣,【禁煙】秀峰館和室街側12畳,17600
2024-08-25,rakuten,鬼怒川温泉　あさや,鬼怒川・川治・湯西川・川俣,【禁煙】秀峰館和室渓谷側10畳又は街側12畳,17600
2024-08-25,rakuten,鬼怒川温泉　あさや,鬼怒川・川治・湯西川・川俣,【禁煙】秀峰館和室渓谷側12畳,17600
2024-08-25,rakuten,鬼怒川温泉　あさや,鬼怒川・川治・湯西川・川俣,【禁煙】八番館ベッド付和室（10畳+ベッド）,17600
2024-08-25,rakuten,鬼怒川温泉　あさや,鬼怒川・川治・湯西川・川俣,【禁煙】秀峰館■眺望風呂付■リラックス和洋室,17600
2024-08-25,rakuten,鬼怒川温泉　あさや,鬼怒川・川治・湯西川・川俣,【禁煙】秀峰館最上階デラックスツイン（約42平米）,17600
2024-08-25,rakuten,鬼怒川温泉　あさや,鬼怒川・川治・湯西川・川俣,【禁煙】八番館■眺望風呂付■和洋室（10畳+ベッド）,17600
2024-08-25,rakuten,黒部・宇奈月温泉　やまのは（オリックスホテルズ＆...,滑川・魚津・朝日・黒部・宇...,別館・飛鳥　大部屋/禁煙（バス無し）,6050
2024-08-25,rakuten,黒部・宇奈月温泉　やまのは（オリックスホテルズ＆...,滑川・魚津・朝日・黒部・宇...,本館　スーペリア和室二間　街側/禁煙,6050
2024-08-25,rakuten,黒部・宇奈月温泉　やまのは（オリックスホテルズ＆...,滑川・魚津・朝日・黒部・宇...,本館 スタンダード和室　山側/禁煙(12畳),6050
2024-08-25,rakuten,黒部・宇奈月温泉　やまのは（オリックスホテルズ＆...,滑川・魚津・朝日・黒部・宇...,本館　スタンダード和室　川側/禁煙（12畳）,6050
2024-08-25,rakuten,黒部・宇奈月温泉　やまのは（オリックスホテルズ＆...,滑川・魚津・朝日・黒部・宇...,本館　スタンダード和室　街側/禁煙（10畳）,6050
2024-08-25,rakuten,黒部・宇奈月温泉　やまのは（オリックスホテルズ＆...,滑川・魚津・朝日・黒部・宇...,本館　スタンダードツイン　街側/禁煙,6050
2024-08-25,rakuten,黒部・宇奈月温泉　やまのは（オリックスホテルズ＆...,滑川・魚津・朝日・黒部・宇...,別館・飛鳥　スタンダード和室　街側/禁煙,6050
2024-08-25,rakuten,黒部・宇奈月温泉　やまのは（オリックスホテルズ＆...,滑川・魚津・朝日・黒部・宇...,【おすすめ】本館　スーペリア和室　川側/禁煙,6050
2024-08-25,rakuten,黒部・宇奈月温泉　やまのは（オリックスホテルズ＆...,滑川・魚津・朝日・黒部・宇...,本館　スタンダードツイン　川側/禁煙,6050
2024-08-25,rakuten,黒部・宇奈月温泉　やまのは（オリックスホテルズ＆...,滑川・魚津・朝日・黒部・宇...,別館・飛鳥　スタンダード和室　川側/禁煙,6050
2024-08-25,rakuten,松江しんじ湖温泉　ホテル一畑,松江・玉造・安来・奥出雲,【スタンダードツイン26平米】街側ベッド120幅,5150
2024-08-25,rakuten,松江しんじ湖温泉　ホテル一畑,松江・玉造・安来・奥出雲,【スタンダードダブル16平米】街側ベッド140幅,5150
2024-08-25,rakuten,松江しんじ湖温泉　ホテル一畑,松江・玉造・安来・奥出雲,【スーペリアシングル16平米】街側ベッド140幅,5150
2024-08-25,rakuten,松江しんじ湖温泉　ホテル一畑,松江・玉造・安来・奥出雲,【お部屋タイプ・眺望お任せ】１〜3名,5150
2024-08-25,rakuten,松江しんじ湖温泉　ホテル一畑,松江・玉造・安来・奥出雲,■【湖側〇レイクビューデラックスツイン33平米】,5150
2024-08-25,rakuten,松江しんじ湖温泉　ホテル一畑,松江・玉造・安来・奥出雲,【湖側〇ゆったり和室10畳＋広縁】5名定員,5150
2024-08-25,rakuten,松江しんじ湖温泉　ホテル一畑,松江・玉造・安来・奥出雲,【湖側〇レイクビューデラックス和洋室】湖一望畳スペース,5150
2024-08-25,rakuten,松江しんじ湖温泉　ホテル一畑,松江・玉造・安来・奥出雲,【湖側〇ユニバーサルツイン33平米】段差のない快適空間,5150
2024-08-25,rakuten,松江しんじ湖温泉　ホテル一畑,松江・玉造・安来・奥出雲,【湖側〇レイクビュートリプル】3名定員33平米,5150
2024-08-25,rakuten,松江しんじ湖温泉　ホテル一畑,松江・玉造・安来・奥出雲,■【湖側〇スーペリアツイン36平米】,5150
2024-08-25,rakuten,エンゼルグランディア越後中里（越後湯沢）,越後湯沢・苗場,和室スタンダード（5名定員・約10.5畳）【禁煙】,5775
2024-08-25,rakuten,エンゼルグランディア越後中里（越後湯沢）,越後湯沢・苗場,洋室ツイン（4名定員）【禁煙】,5775
2024-08-25,rakuten,エンゼルグランディア越後中里（越後湯沢）,越後湯沢・苗場,【限定プラン専用】お部屋タイプおまかせ(禁煙・最大5名版）,5775
2024-08-25,rakuten,エンゼルグランディア越後中里（越後湯沢）,越後湯沢・苗場,ラージ（リビング付＋和室2部屋）【子育て応援ルーム（禁煙）】,5775
2024-08-25,rakuten,エンゼルグランディア越後中里（越後湯沢）,越後湯沢・苗場,和洋室ツイン（7名定員）【子育て応援ルーム（禁煙）】,5775
2024-08-25,rakuten,エンゼルグランディア越後中里（越後湯沢）,越後湯沢・苗場,和洋室ダブルベッド付（5名定員）【子育て応援ルーム（禁煙）】,5775
2024-08-25,rakuten,エンゼルグランディア越後中里（越後湯沢）,越後湯沢・苗場,洋室スーペリアツイン【禁煙】,5775
2024-08-25,rakuten,エンゼルグランディア越後中里（越後湯沢）,越後湯沢・苗場,和室スタンダード（禁煙）なかさと対応【夕食18:00〜】,5775
2024-08-25,rakuten,エンゼルグランディア越後中里（越後湯沢）,越後湯沢・苗場,和室スタンダード（禁煙）なかさと対応【夕食19:30〜】,5775
2024-08-25,rakuten,エンゼルグランディア越後中里（越後湯沢）,越後湯沢・苗場,和洋室スーペリアルーム【禁煙】,5775
2024-08-25,rakuten,ホテルエミオン東京ベイ,舞浜・浦安・船橋・幕張,エミオンタワー　カジュアル５（全室禁煙）,3200
2024-08-25,rakuten,ホテルエミオン東京ベイ,舞浜・浦安・船橋・幕張,エミオンタワー　和洋室Ａタイプ（全室禁煙）,3200
2024-08-25,rakuten,ホテルエミオン東京ベイ,舞浜・浦安・船橋・幕張,エミオンタワー　和洋室Ｂタイプ（全室禁煙）,3200
2024-08-25,rakuten,ホテルエミオン東京ベイ,舞浜・浦安・船橋・幕張,エミオンタワー　ファミリー6（全室禁煙）,3200
2024-08-25,rakuten,ホテルエミオン東京ベイ,舞浜・浦安・船橋・幕張,エミオンスクエア　スクエアフォース（全室禁煙）,3200
2024-08-25,rakuten,ホテルエミオン東京ベイ,舞浜・浦安・船橋・幕張,44平米以上確約（禁煙お部屋おまかせ6名様）,3200
2024-08-25,rakuten,ホテルエミオン東京ベイ,舞浜・浦安・船橋・幕張,【バルコニー付き】カジュアル５（全室禁煙）,3200
2024-08-25,rakuten,ホテルエミオン東京ベイ,舞浜・浦安・船橋・幕張,エミオンスクエア　スクエアコーナーフォース（全室禁煙）,3200
2024-08-25,rakuten,ホテルエミオン東京ベイ,舞浜・浦安・船橋・幕張,エミオンタワー　カジュアル4（全室禁煙）,3200
2024-08-25,rakuten,ホテルエミオン東京ベイ,舞浜・浦安・船橋・幕張,44平米以上確約（禁煙お部屋おまかせ5名様）,3200
2024-08-25,rakuten,ホテルエミオン東京ベイ,舞浜・浦安・船橋・幕張,エミオンタワー　リラックステラスルーム（全室禁煙）,3200
2024-08-25,rakuten,ホテルエミオン東京ベイ,舞浜・浦安・船橋・幕張,【エミオンタワー】和洋室（Bタイプ）バルコニー付き,3200
2024-08-25,rakuten,ホテルエミオン東京ベイ,舞浜・浦安・船橋・幕張,エミオンタワー　スタンダードルーム（全室禁煙）,3200
2024-08-25,rakuten,ホテルエミオン東京ベイ,舞浜・浦安・船橋・幕張,44平米以上確約（禁煙お部屋おまかせ4名様）,3200
2024-08-25,rakuten,ホテルエミオン東京ベイ,舞浜・浦安・船橋・幕張,エミオンタワー　和室（全室禁煙/6畳）,3200
2024-08-25,rakuten,ホテルエミオン東京ベイ,舞浜・浦安・船橋・幕張,エミオンタワー　コーナーテラスルーム（全室禁煙）,3200
2024-08-25,rakuten,ホテルエミオン東京ベイ,舞浜・浦安・船橋・幕張,エミオンタワー　デラックスルーム（全室禁煙）,3200
2024-08-25,rakuten,ホテルエミオン東京ベイ,舞浜・浦安・船橋・幕張,エミオンタワー　ユニバーサルルーム（全室禁煙）,3200
2024-08-25,rakuten,ホテルエミオン東京ベイ,舞浜・浦安・船橋・幕張,エミオンタワー　エミオンルーム ツイン（全室禁煙）,3200
2024-08-25,rakuten,ホテルエミオン東京ベイ,舞浜・浦安・船橋・幕張,エミオンスクエア　ヒカリテラスルーム（全室禁煙）,3200
2024-08-25,rakuten,ホテルエミオン東京ベイ,舞浜・浦安・船橋・幕張,44平米以上確約（禁煙お部屋おまかせ3名様）,3200
2024-08-25,rakuten,ホテルエミオン東京ベイ,舞浜・浦安・船橋・幕張,エミオンタワー　キッズプレジャールーム（全室禁煙）,3200
2024-08-25,rakuten,ホテルエミオン東京ベイ,舞浜・浦安・船橋・幕張,エミオンタワー　エミオンルーム ダブル（全室禁煙）,3200
2024-08-25,rakuten,ホテルエミオン東京ベイ,舞浜・浦安・船橋・幕張,44平米以上確約（禁煙お部屋おまかせ2名様）,3200
2024-08-25,rakuten,ホテルエミオン東京ベイ,舞浜・浦安・船橋・幕張,TDL４枚付　エミオンスクエア　スクエアフォース（全室禁煙）,3200
2024-08-25,rakuten,ホテルエミオン東京ベイ,舞浜・浦安・船橋・幕張,TDS４枚付　エミオンスクエア　スクエアフォース（全室禁煙）,3200
2024-08-25,rakuten,ホテルエミオン東京ベイ,舞浜・浦安・船橋・幕張,TDL４枚付　エミオンタワー　カジュアル5（全室禁煙）,3200
2024-08-25,rakuten,ホテルエミオン東京ベイ,舞浜・浦安・船橋・幕張,TDS４枚付　エミオンタワー　カジュアル5（全室禁煙）,3200
2024-08-25,rakuten,ホテルエミオン東京ベイ,舞浜・浦安・船橋・幕張,TDL３枚付　エミオンタワー　スタンダードルーム（全室禁煙）,3200
2024-08-25,rakuten,ホテルエミオン東京ベイ,舞浜・浦安・船橋・幕張,TDS３枚付　エミオンタワー　スタンダードルーム（全室禁煙）,3200
2024-08-25,rakuten,アワーズイン阪急,東京２３区内,フォース禁煙,3650
2024-08-25,rakuten,アワーズイン阪急,東京２３区内,デラックスシングル禁煙　※シャワーのみ・バスタブ無,3650
2024-08-25,rakuten,アワーズイン阪急,東京２３区内,デラックスシングル喫煙　※シャワーのみ・バスタブ無,3650
2024-08-25,rakuten,アワーズイン阪急,東京２３区内,トリプル禁煙,3650
2024-08-25,rakuten,アワーズイン阪急,東京２３区内,ツイン禁煙,3650
2024-08-25,rakuten,アワーズイン阪急,東京２３区内,シングル禁煙※シャワーのみ・バスタブ無,3650
2024-08-25,rakuten,アワーズイン阪急,東京２３区内,高層階シングル禁煙※シャワーのみ・バスタブ無,3650
2024-08-25,rakuten,アワーズイン阪急,東京２３区内,シングル喫煙　※シャワーのみ・バスタブ無,3650
2024-08-25,rakuten,アワーズイン阪急,東京２３区内,レディースシングル禁煙（女性専用）※シャワーのみ・バスタブ無,3650
2024-08-25,rakuten,アワーズイン阪急,東京２３区内,和モダンルーム禁煙,3650
2024-08-25,rakuten,ホテル川六　エルステージ高松,高松・さぬき・東かがわ,ホッとやすらぐ禁煙エルステージ館シングル,5800
2024-08-25,rakuten,ホテル川六　エルステージ高松,高松・さぬき・東かがわ,きれいがうれしい禁煙館シングル,5800
2024-08-25,rakuten,ホテル川六　エルステージ高松,高松・さぬき・東かがわ,愛煙家さま向け喫煙エルステージ館シングル,5800
2024-08-25,rakuten,ホテル川六　エルステージ高松,高松・さぬき・東かがわ,【新築・禁煙】新メインタワースーペリアシングル1室2名利用,5800
2024-08-25,rakuten,ホテル川六　エルステージ高松,高松・さぬき・東かがわ,【女性専用・禁煙】ひとりでも安心♪禁煙館レディースシングル,5800
2024-08-25,rakuten,ホテル川六　エルステージ高松,高松・さぬき・東かがわ,【新築・禁煙】新メインタワーダブル,5800
2024-08-25,rakuten,ホテル川六　エルステージ高松,高松・さぬき・東かがわ,【新築・禁煙】新メインタワーシングル,5800
2024-08-25,rakuten,ホテル川六　エルステージ高松,高松・さぬき・東かがわ,【新築・禁煙】新メインタワーツイン　バス・トイレ独立,5800
2024-08-25,rakuten,ホテル川六　エルステージ高松,高松・さぬき・東かがわ,【新築・禁煙】新メインタワー和室　バス・トイレ独立,5800
2024-08-25,rakuten,ホテル川六　エルステージ高松,高松・さぬき・東かがわ,【新築・禁煙】新メインタワースーペリアシングル,5800
2024-08-25,rakuten,グランドニッコー東京ベイ　舞浜,舞浜・浦安・船橋・幕張,■ガーデンスーペリアルーム【禁煙】,6100
2024-08-25,rakuten,グランドニッコー東京ベイ　舞浜,舞浜・浦安・船橋・幕張,■ガーデンデラックスルーム【禁煙】,6100
2024-08-25,rakuten,グランドニッコー東京ベイ　舞浜,舞浜・浦安・船橋・幕張,■レインボースーペリアルーム【禁煙】,6100
2024-08-25,rakuten,グランドニッコー東京ベイ　舞浜,舞浜・浦安・船橋・幕張,■ガーデンスタンダードルーム【禁煙】,6100
2024-08-25,rakuten,グランドニッコー東京ベイ　舞浜,舞浜・浦安・船橋・幕張,■レインボーデラックスルーム【禁煙】,6100
2024-08-25,rakuten,グランドニッコー東京ベイ　舞浜,舞浜・浦安・船橋・幕張,■レインボースタンダードルーム【禁煙】,6100
2024-08-25,rakuten,グランドニッコー東京ベイ　舞浜,舞浜・浦安・船橋・幕張,■レインボーデラックスファミリールーム【禁煙】,6100
2024-08-25,rakuten,グランドニッコー東京ベイ　舞浜,舞浜・浦安・船橋・幕張,■ガーデンデラックスファミリールーム【禁煙】,6100
2024-08-25,rakuten,グランドニッコー東京ベイ　舞浜,舞浜・浦安・船橋・幕張,■ニッコースタンダードルーム【禁煙】,6100
2024-08-25,rakuten,グランドニッコー東京ベイ　舞浜,舞浜・浦安・船橋・幕張,■ニッコーデラックスファミリー ルーム【禁煙】,6100
2024-08-25,rakuten,相鉄グランドフレッサ東京ベイ有明,東京２３区内,【禁煙】エコノミートランドルトリプル　24.5平米,4293
2024-08-25,rakuten,相鉄グランドフレッサ東京ベイ有明,東京２３区内,【喫煙2名利用】お部屋タイプおまかせ,4293
2024-08-25,rakuten,相鉄グランドフレッサ東京ベイ有明,東京２３区内,【禁煙2名利用】お部屋タイプおまかせ,4293
2024-08-25,rakuten,相鉄グランドフレッサ東京ベイ有明,東京２３区内,【喫煙】スタンダードダブル　17.3平米,4293
2024-08-25,rakuten,相鉄グランドフレッサ東京ベイ有明,東京２３区内,【禁煙】スタンダードダブル　17.3平米,4293
2024-08-25,rakuten,相鉄グランドフレッサ東京ベイ有明,東京２３区内,【喫煙】デラックスフォース　41.5平米,4293
2024-08-25,rakuten,相鉄グランドフレッサ東京ベイ有明,東京２３区内,【禁煙】デラックスフォース　41.5平米,4293
2024-08-25,rakuten,相鉄グランドフレッサ東京ベイ有明,東京２３区内,【禁煙】恐竜コンセプトルーム　23.3-26.0平米,4293
2024-08-25,rakuten,相鉄グランドフレッサ東京ベイ有明,東京２３区内,【喫煙】スーペリアトリプル　32.3平米,4293
2024-08-25,rakuten,相鉄グランドフレッサ東京ベイ有明,東京２３区内,【禁煙】スーペリアトリプル　32.3平米,4293
2024-08-25,rakuten,相鉄グランドフレッサ東京ベイ有明,東京２３区内,【喫煙】デラックスダブル　22.5-24.0平米,4293
2024-08-25,rakuten,相鉄グランドフレッサ東京ベイ有明,東京２３区内,【禁煙】デラックスダブル　22.5-24.0平米,4293
2024-08-25,rakuten,相鉄グランドフレッサ東京ベイ有明,東京２３区内,【喫煙】エコノミーツイン　17.3平米,4293
2024-08-25,rakuten,相鉄グランドフレッサ東京ベイ有明,東京２３区内,【禁煙】エコノミーツイン　17.3平米,4293
2024-08-25,rakuten,相鉄グランドフレッサ東京ベイ有明,東京２３区内,【喫煙】プレミアムダブル　20.5平米,4293
2024-08-25,rakuten,相鉄グランドフレッサ東京ベイ有明,東京２３区内,【禁煙】プレミアムダブル　20.5平米,4293
2024-08-25,rakuten,相鉄グランドフレッサ東京ベイ有明,東京２３区内,【喫煙】スタンダードツイン　23.3-26.0平米,4293
2024-08-25,rakuten,相鉄グランドフレッサ東京ベイ有明,東京２３区内,【禁煙】エコノミートランドルツイン　24.5平米,4293
2024-08-25,rakuten,相鉄グランドフレッサ東京ベイ有明,東京２３区内,【禁煙】スタンダードツイン　23.3-26.0平米,4293
2024-08-25,rakuten,相鉄グランドフレッサ東京ベイ有明,東京２３区内,【喫煙】デラックストリプル　41.5平米,4293
2024-08-25,rakuten,相鉄グランドフレッサ東京ベイ有明,東京２３区内,【禁煙】デラックストリプル　41.5平米,4293
2024-08-25,rakuten,相鉄グランドフレッサ東京ベイ有明,東京２３区内,【喫煙】プレミアムベイサイドダブル　20.5平米,4293
2024-08-25,rakuten,相鉄グランドフレッサ東京ベイ有明,東京２３区内,【禁煙】プレミアムベイサイドダブル　20.5平米,4293
2024-08-25,rakuten,相鉄グランドフレッサ東京ベイ有明,東京２３区内,【喫煙】スーペリアツイン　32.3平米,4293
2024-08-25,rakuten,相鉄グランドフレッサ東京ベイ有明,東京２３区内,【禁煙】スーペリアツイン　32.3平米,4293
2024-08-25,rakuten,相鉄グランドフレッサ東京ベイ有明,東京２３区内,【喫煙1名利用】お部屋タイプおまかせ,4293
2024-08-25,rakuten,相鉄グランドフレッサ東京ベイ有明,東京２３区内,【禁煙1名利用】お部屋タイプおまかせ,4293
2024-08-25,rakuten,相鉄グランドフレッサ東京ベイ有明,東京２３区内,【喫煙】スタンダードシングル　17.3平米,4293
2024-08-25,rakuten,相鉄グランドフレッサ東京ベイ有明,東京２３区内,【禁煙】スタンダードシングル　17.3平米,4293
2024-08-25,rakuten,相鉄グランドフレッサ東京ベイ有明,東京２３区内,【喫煙】スタンダードスイート　34.0平米,4293
2024-08-25,rakuten,相鉄グランドフレッサ東京ベイ有明,東京２３区内,【禁煙】スタンダードスイート　34.0平米,4293
2024-08-25,rakuten,相鉄グランドフレッサ東京ベイ有明,東京２３区内,【喫煙】デラックスツイン　41.5平米,4293
2024-08-25,rakuten,相鉄グランドフレッサ東京ベイ有明,東京２３区内,【禁煙】デラックスツイン　41.5平米,4293
2024-08-25,rakuten,相鉄グランドフレッサ東京ベイ有明,東京２３区内,【喫煙】デラックススイート　41.0平米,4293
2024-08-25,rakuten,相鉄グランドフレッサ東京ベイ有明,東京２３区内,【禁煙】デラックススイート　41.0平米,4293
2024-08-25,rakuten,相鉄グランドフレッサ東京ベイ有明,東京２３区内,【喫煙】プレミアムシングル　20.5平米,4293
2024-08-25,rakuten,相鉄グランドフレッサ東京ベイ有明,東京２３区内,【禁煙】プレミアムシングル　20.5平米,4293
2024-08-25,rakuten,相鉄グランドフレッサ東京ベイ有明,東京２３区内,【喫煙】エグゼクティブスイート　45.0平米,4293
2024-08-25,rakuten,相鉄グランドフレッサ東京ベイ有明,東京２３区内,【禁煙】エグゼクティブスイート　45.0平米,4293
2024-08-25,rakuten,相鉄グランドフレッサ東京ベイ有明,東京２３区内,【喫煙】プレミアムベイサイドシングル　20.5平米,4293
2024-08-25,rakuten,ホテル京阪　ユニバーサル・タワー,大阪,★お部屋おまかせ★,5620
2024-08-25,rakuten,ホテル京阪　ユニバーサル・タワー,大阪,【バンクベッド】スタンダードルーム（25平米）,5620
2024-08-25,rakuten,ホテル京阪　ユニバーサル・タワー,大阪,【リニューアル】スタンダードルーム（25平米）,5620
2024-08-25,rakuten,ホテル京阪　ユニバーサル・タワー,大阪,【コンフォート】スタンダードトリプル（25平米）,5620
2024-08-25,rakuten,ホテル京阪　ユニバーサル・タワー,大阪,【高層階タワーグランデ】スタンダードルーム（25平米）,5620
2024-08-25,rakuten,ホテル京阪　ユニバーサル・タワー,大阪,【バンクベッド】スーペリアルーム（37平米）,5620
2024-08-25,rakuten,ホテル京阪　ユニバーサル・タワー,大阪,●＜隣室確約＞スタンダードツイン　2室4〜6名様,5620
2024-08-25,rakuten,ホテル京阪　ユニバーサル・タワー,大阪,【リニューアル】スーペリアトリプル（37平米）,5620
2024-08-25,rakuten,ホテル京阪　ユニバーサル・タワー,大阪,●カジュアルツイン（21平米）,5620
2024-08-25,rakuten,ホテル京阪　ユニバーサル・タワー,大阪,【高層階タワーグランデ】カジュアルツイン（21平米）,5620
2024-08-25,rakuten,ホテル京阪　ユニバーサル・タワー,大阪,【高層階タワーグランデ】スーペリアルーム（37平米）,5620
2024-08-25,rakuten,ホテル京阪　ユニバーサル・タワー,大阪,●スタンダードルーム（25平米）,5620
2024-08-25,rakuten,ホテル京阪　ユニバーサル・タワー,大阪,【コンフォート】スーペリアフォース（37平米）,5620
2024-08-25,rakuten,ホテル京阪　ユニバーサル・タワー,大阪,【5名利用】スーペリアルーム（37平米）,5620
2024-08-25,rakuten,ホテル京阪　ユニバーサル・タワー,大阪,【高層階タワーグランデ】スタンダードダブル（25平米）,5620
2024-08-25,rakuten,ホテル京阪　ユニバーサル・タワー,大阪,●スーペリアルーム（37平米）,5620
2024-08-25,rakuten,ホテル京阪　ユニバーサル・タワー,大阪,【3〜4名利用】スーペリアルーム（37平米）,5620
2024-08-25,rakuten,ホテル京阪　ユニバーサル・タワー,大阪,28〜29階【タワープレミアム】スーペリアルーム（37平米）,5620
2024-08-25,rakuten,ホテル京阪　ユニバーサル・タワー,大阪,28〜30階【タワープレミアム】カジュアルツイン(21平米),5620
2024-08-25,rakuten,ホテル京阪　ユニバーサル・タワー,大阪,28〜30階【タワープレミアム】スタンダードツイン/25平米,5620
2024-08-25,rakuten,ＤＥＬ　ｓｔｙｌｅ大阪新梅田（旧ダイワロイネット...,大阪,【ANNEX（別館）】【禁煙】スマートツイン,4616
2024-08-25,rakuten,ＤＥＬ　ｓｔｙｌｅ大阪新梅田（旧ダイワロイネット...,大阪,【禁煙】スタンダードトリプル（27.5平米）,4616
2024-08-25,rakuten,ＤＥＬ　ｓｔｙｌｅ大阪新梅田（旧ダイワロイネット...,大阪,＜喫煙＞スタンダードトリプル （27.5平米）,4616
2024-08-25,rakuten,ＤＥＬ　ｓｔｙｌｅ大阪新梅田（旧ダイワロイネット...,大阪,お部屋タイプお任せ,4616
2024-08-25,rakuten,ＤＥＬ　ｓｔｙｌｅ大阪新梅田（旧ダイワロイネット...,大阪,【禁煙】スタンダードダブル（18.4平米）,4616
2024-08-25,rakuten,ＤＥＬ　ｓｔｙｌｅ大阪新梅田（旧ダイワロイネット...,大阪,＜喫煙＞スタンダードダブル（18.4平米）,4616
2024-08-25,rakuten,ＤＥＬ　ｓｔｙｌｅ大阪新梅田（旧ダイワロイネット...,大阪,【喫煙】お部屋タイプお任せ,4616
2024-08-25,rakuten,ＤＥＬ　ｓｔｙｌｅ大阪新梅田（旧ダイワロイネット...,大阪,【禁煙】プレミアムビジネス（18.4平米）,4616
2024-08-25,rakuten,ＤＥＬ　ｓｔｙｌｅ大阪新梅田（旧ダイワロイネット...,大阪,【禁煙】スタンダードツイン（18.4平米）,4616
2024-08-25,rakuten,ＤＥＬ　ｓｔｙｌｅ大阪新梅田（旧ダイワロイネット...,大阪,＜喫煙＞スタンダードツイン（18.4平米）,4616
2024-08-25,rakuten,那須温泉　ホテルサンバレー那須,那須・板室・黒磯,部屋タイプおまかせ,8800
2024-08-25,rakuten,那須温泉　ホテルサンバレー那須,那須・板室・黒磯,●アネックス●ダブルルーム＜禁煙＞,8800
2024-08-25,rakuten,那須温泉　ホテルサンバレー那須,那須・板室・黒磯,◆本館◆和室10畳＜禁煙＞,8800
2024-08-25,rakuten,那須温泉　ホテルサンバレー那須,那須・板室・黒磯,◆本館◆和室8畳＜禁煙＞,8800
2024-08-25,rakuten,那須温泉　ホテルサンバレー那須,那須・板室・黒磯,●アネックス●シングルルーム＜禁煙＞,8800
2024-08-25,rakuten,那須温泉　ホテルサンバレー那須,那須・板室・黒磯,●アネックス●ツインルーム＜禁煙＞,8800
2024-08-25,rakuten,那須温泉　ホテルサンバレー那須,那須・板室・黒磯,【1〜2名様利用】宿泊館・お部屋タイプおまかせ,8800
2024-08-25,rakuten,那須温泉　ホテルサンバレー那須,那須・板室・黒磯,◆本館◆ツインルーム＜禁煙＞,8800
2024-08-25,rakuten,那須温泉　ホテルサンバレー那須,那須・板室・黒磯,◇フォレストヴィラ◇　洋室＜禁煙＞,8800
2024-08-25,rakuten,那須温泉　ホテルサンバレー那須,那須・板室・黒磯,◇フォレストヴィラ◇　メゾネット（1階洋室＋2階和室）禁煙,8800
2024-08-25,rakuten,那須温泉　ホテルサンバレー那須,那須・板室・黒磯,☆戸建てふくろうの森☆洋室＜禁煙＞,8800
2024-08-25,rakuten,那須温泉　ホテルサンバレー那須,那須・板室・黒磯,○オリエンタルガーデン○　ツインルーム＜禁煙＞,8800
2024-08-25,rakuten,那須温泉　ホテルサンバレー那須,那須・板室・黒磯,○オリエンタルガーデン○　ダブルルーム＜禁煙＞,8800
2024-08-25,rakuten,那須温泉　ホテルサンバレー那須,那須・板室・黒磯,◆本館◆和ベッドルーム＜禁煙＞,8800
2024-08-25,rakuten,那須温泉　ホテルサンバレー那須,那須・板室・黒磯,◇フォレストヴィラ◇和洋室＜禁煙＞,8800
2024-08-25,rakuten,那須温泉　ホテルサンバレー那須,那須・板室・黒磯,★ガーデンスウィート★和洋室＜禁煙＞,8800
2024-08-25,rakuten,那須温泉　ホテルサンバレー那須,那須・板室・黒磯,★ガーデンスウィート★和室＜禁煙＞,8800
2024-08-25,rakuten,那須温泉　ホテルサンバレー那須,那須・板室・黒磯,★ガーデンスウィート★メゾネット（天蓋付ダブル）＜禁煙＞,8800
2024-08-25,rakuten,那須温泉　ホテルサンバレー那須,那須・板室・黒磯,●アネックス●トリプルルーム＜禁煙＞,8800
2024-08-25,rakuten,那須温泉　ホテルサンバレー那須,那須・板室・黒磯,■クイーンズコリーナ■　洋室A＜禁煙＞,8800
2024-08-25,rakuten,那須温泉　ホテルサンバレー那須,那須・板室・黒磯,■クイーンズコリーナ■　洋室B＜禁煙＞,8800
2024-08-25,rakuten,那須温泉　ホテルサンバレー那須,那須・板室・黒磯,■クイーンズコリーナ■　和洋室＜禁煙＞,8800
2024-08-25,rakuten,那須温泉　ホテルサンバレー那須,那須・板室・黒磯,◇フォレストヴィラ◇　ハリウッドツインルーム＜禁煙＞,8800
2024-08-25,rakuten,那須温泉　ホテルサンバレー那須,那須・板室・黒磯,□ザ・コテージ□戸建て風の別荘＜禁煙＞,8800
2024-08-25,rakuten,那須温泉　ホテルサンバレー那須,那須・板室・黒磯,アネックス【別館】洋室２室（２〜３名×２室）＜禁煙＞,8800
2024-08-25,rakuten,那須温泉　ホテルサンバレー那須,那須・板室・黒磯,○オリエンタルガーデン○　トリプルルーム＜禁煙＞,8800
2024-08-25,rakuten,那須温泉　ホテルサンバレー那須,那須・板室・黒磯,【禁煙室】オリエンタルガーデン洋室２室（洋室×２室）,8800
2024-08-25,rakuten,那須温泉　ホテルサンバレー那須,那須・板室・黒磯,【禁煙室】戸建てふくろうの森《わんちゃんと泊まれる洋室》,8800
2024-08-25,rakuten,那須温泉　ホテルサンバレー那須,那須・板室・黒磯,【禁煙室】フォレストヴィラ洋室２室（２〜３名×２室）,8800
2024-08-25,rakuten,那須温泉　ホテルサンバレー那須,那須・板室・黒磯,■クイーンズコリーナ■6406/特別室/洋室＜禁煙＞,8800
2024-08-25,rakuten,庭園と感動の宿　富士山温泉　ホテル鐘山苑,河口湖・富士吉田・本栖湖・...,【禁煙】桂亭（和室10+4.5畳）／中庭眺望,19250
2024-08-25,rakuten,庭園と感動の宿　富士山温泉　ホテル鐘山苑,河口湖・富士吉田・本栖湖・...,【禁煙】深山亭1〜３階(和室12.5＋4.5畳）／中庭,19250
2024-08-25,rakuten,庭園と感動の宿　富士山温泉　ホテル鐘山苑,河口湖・富士吉田・本栖湖・...,【禁煙】細流亭　ツイン／眺望なし,19250
2024-08-25,rakuten,庭園と感動の宿　富士山温泉　ホテル鐘山苑,河口湖・富士吉田・本栖湖・...,【禁煙】深山亭４〜８階（和室12.5＋4.5畳）／富士山,19250
2024-08-25,rakuten,庭園と感動の宿　富士山温泉　ホテル鐘山苑,河口湖・富士吉田・本栖湖・...,【禁煙】細流亭　モダン和室（8畳＋リビング）／玄関前庭眺望,19250
2024-08-25,rakuten,庭園と感動の宿　富士山温泉　ホテル鐘山苑,河口湖・富士吉田・本栖湖・...,【禁煙】細流亭グランビュージュニアスイート／富士山眺望,19250
2024-08-25,rakuten,庭園と感動の宿　富士山温泉　ホテル鐘山苑,河口湖・富士吉田・本栖湖・...,【禁煙】細流亭　 和風ツイン／富士山眺望,19250
2024-08-25,rakuten,庭園と感動の宿　富士山温泉　ホテル鐘山苑,河口湖・富士吉田・本栖湖・...,【禁煙】桂亭２階（和室12.5畳＋次間6畳＋4畳）／眺望なし,19250
2024-08-25,rakuten,庭園と感動の宿　富士山温泉　ホテル鐘山苑,河口湖・富士吉田・本栖湖・...,【禁煙】露天風呂付ゆらく山彦亭 「話楽」「湯話」／富士山眺望,19250
2024-08-25,rakuten,庭園と感動の宿　富士山温泉　ホテル鐘山苑,河口湖・富士吉田・本栖湖・...,【禁煙】露天風呂付ゆらく山彦亭「野楽」／中庭眺望,19250
2024-08-25,rakuten,有馬温泉　中の坊　瑞苑,神戸・有馬温泉・六甲山,お部屋タイプおまかせ　【1泊朝食付】,24350
2024-08-25,rakuten,有馬温泉　中の坊　瑞苑,神戸・有馬温泉・六甲山,お部屋タイプおまかせ　【1泊昼食付】,24350
2024-08-25,rakuten,有馬温泉　中の坊　瑞苑,神戸・有馬温泉・六甲山,和室1間　10畳【和食レストラン】,24350
2024-08-25,rakuten,有馬温泉　中の坊　瑞苑,神戸・有馬温泉・六甲山,和室1間　8畳【和食レストラン】,24350
2024-08-25,rakuten,有馬温泉　中の坊　瑞苑,神戸・有馬温泉・六甲山,1泊2食付(お部屋タイプおまかせ),24350
2024-08-25,rakuten,有馬温泉　中の坊　瑞苑,神戸・有馬温泉・六甲山,洋室　ツインベッド【個室ダイニング】,24350
2024-08-25,rakuten,有馬温泉　中の坊　瑞苑,神戸・有馬温泉・六甲山,洋室　ツインベッド【和食レストラン】,24350
2024-08-25,rakuten,有馬温泉　中の坊　瑞苑,神戸・有馬温泉・六甲山,和室1間　10畳【お部屋食】,24350
2024-08-25,rakuten,有馬温泉　中の坊　瑞苑,神戸・有馬温泉・六甲山,和室1間　8畳【お部屋食】,24350
2024-08-25,rakuten,有馬温泉　中の坊　瑞苑,神戸・有馬温泉・六甲山,和室2間　10畳+4.5畳【和食レストラン】,24350
2024-08-25,rakuten,有馬温泉　中の坊　瑞苑,神戸・有馬温泉・六甲山,和室1間　10畳【個室ダイニング】,24350
2024-08-25,rakuten,有馬温泉　中の坊　瑞苑,神戸・有馬温泉・六甲山,和室1間　8畳【個室ダイニング】,24350
2024-08-25,rakuten,有馬温泉　中の坊　瑞苑,神戸・有馬温泉・六甲山,和洋室　10畳+ツインベッド【和食レストラン】,24350
2024-08-25,rakuten,有馬温泉　中の坊　瑞苑,神戸・有馬温泉・六甲山,和モダン　ツインベッド【和食レストラン】,24350
2024-08-25,rakuten,有馬温泉　中の坊　瑞苑,神戸・有馬温泉・六甲山,和室2間　10畳+4.5畳【お部屋食】,24350
2024-08-25,rakuten,有馬温泉　中の坊　瑞苑,神戸・有馬温泉・六甲山,和室1間　6畳【お部屋食】,24350
2024-08-25,rakuten,有馬温泉　中の坊　瑞苑,神戸・有馬温泉・六甲山,和室1間　6畳【個室ダイニング】,24350
2024-08-25,rakuten,有馬温泉　中の坊　瑞苑,神戸・有馬温泉・六甲山,和室1間　6畳【和食レストラン】,24350
2024-08-25,rakuten,有馬温泉　中の坊　瑞苑,神戸・有馬温泉・六甲山,和洋室　10畳+ツインベッド 【お部屋食】,24350
2024-08-25,rakuten,有馬温泉　中の坊　瑞苑,神戸・有馬温泉・六甲山,和モダン　ツインベッド【お部屋食】,24350
2024-08-25,rakuten,有馬温泉　中の坊　瑞苑,神戸・有馬温泉・六甲山,和室2間　10畳+4.5畳【個室ダイニング】,24350
2024-08-25,rakuten,有馬温泉　中の坊　瑞苑,神戸・有馬温泉・六甲山,銀泉露天風呂付和室1間　10畳【和食レストラン】,24350
2024-08-25,rakuten,有馬温泉　中の坊　瑞苑,神戸・有馬温泉・六甲山,和モダンDX　ツインベッド【和食レストラン】,24350
2024-08-25,rakuten,有馬温泉　中の坊　瑞苑,神戸・有馬温泉・六甲山,洋室　ツインベッド【シェフズ半個室】,24350
2024-08-25,rakuten,有馬温泉　中の坊　瑞苑,神戸・有馬温泉・六甲山,和洋室　10畳+ツインベッド【個室ダイニング】,24350
2024-08-25,rakuten,有馬温泉　中の坊　瑞苑,神戸・有馬温泉・六甲山,和モダン　ツインベッド【個室ダイニング】,24350
2024-08-25,rakuten,有馬温泉　中の坊　瑞苑,神戸・有馬温泉・六甲山,金泉露天風呂付和室1間　12.5畳【和食レストラン】,24350
2024-08-25,rakuten,有馬温泉　中の坊　瑞苑,神戸・有馬温泉・六甲山,和室1間　8畳【シェフズ半個室】,24350
2024-08-25,rakuten,有馬温泉　中の坊　瑞苑,神戸・有馬温泉・六甲山,和室1間　10畳【シェフズカウンター】,24350
2024-08-25,rakuten,有馬温泉　中の坊　瑞苑,神戸・有馬温泉・六甲山,和室1間　8畳【シェフズカウンター】,24350
2024-08-25,rakuten,有馬温泉　中の坊　瑞苑,神戸・有馬温泉・六甲山,和室1間　10畳【シェフズ半個室】,24350
2024-08-25,rakuten,有馬温泉　中の坊　瑞苑,神戸・有馬温泉・六甲山,銀泉露天風呂付和室1間　10畳【お部屋食】,24350
2024-08-25,rakuten,有馬温泉　中の坊　瑞苑,神戸・有馬温泉・六甲山,銀泉露天風呂付和室1間　10畳【個室ダイニング】,24350
2024-08-25,rakuten,有馬温泉　中の坊　瑞苑,神戸・有馬温泉・六甲山,和モダンDX　ツインベッド【個室ダイニング】,24350
2024-08-25,rakuten,有馬温泉　中の坊　瑞苑,神戸・有馬温泉・六甲山,銀泉露天風呂付洋室　ツインベッド【和食レストラン】,24350
2024-08-25,rakuten,有馬温泉　中の坊　瑞苑,神戸・有馬温泉・六甲山,銀泉露天風呂付和室1間　10畳【シェフズ半個室】,24350
2024-08-25,rakuten,有馬温泉　中の坊　瑞苑,神戸・有馬温泉・六甲山,和室2間　10畳+4.5畳【シェフズ半個室】,24350
2024-08-25,rakuten,有馬温泉　中の坊　瑞苑,神戸・有馬温泉・六甲山,銀泉露天風呂付和室1間　10畳【シェフズカウンター】,24350
2024-08-25,rakuten,有馬温泉　中の坊　瑞苑,神戸・有馬温泉・六甲山,和室2間　10畳+4.5畳【シェフズカウンター】,24350
2024-08-25,rakuten,有馬温泉　中の坊　瑞苑,神戸・有馬温泉・六甲山,金泉露天風呂付和室1間　12.5畳 【個室ダイニング】,24350
2024-08-25,rakuten,ホテルエミオン東京ベイ,舞浜・浦安・船橋・幕張,エミオンタワー　カジュアル５（全室禁煙）,3200
2024-08-25,rakuten,ホテルエミオン東京ベイ,舞浜・浦安・船橋・幕張,エミオンタワー　和洋室Ａタイプ（全室禁煙）,3200
2024-08-25,rakuten,ホテルエミオン東京ベイ,舞浜・浦安・船橋・幕張,エミオンタワー　和洋室Ｂタイプ（全室禁煙）,3200
2024-08-25,rakuten,ホテルエミオン東京ベイ,舞浜・浦安・船橋・幕張,エミオンタワー　ファミリー6（全室禁煙）,3200
2024-08-25,rakuten,ホテルエミオン東京ベイ,舞浜・浦安・船橋・幕張,エミオンスクエア　スクエアフォース（全室禁煙）,3200
2024-08-25,rakuten,ホテルエミオン東京ベイ,舞浜・浦安・船橋・幕張,44平米以上確約（禁煙お部屋おまかせ6名様）,3200
2024-08-25,rakuten,ホテルエミオン東京ベイ,舞浜・浦安・船橋・幕張,【バルコニー付き】カジュアル５（全室禁煙）,3200
2024-08-25,rakuten,ホテルエミオン東京ベイ,舞浜・浦安・船橋・幕張,エミオンスクエア　スクエアコーナーフォース（全室禁煙）,3200
2024-08-25,rakuten,ホテルエミオン東京ベイ,舞浜・浦安・船橋・幕張,エミオンタワー　カジュアル4（全室禁煙）,3200
2024-08-25,rakuten,ホテルエミオン東京ベイ,舞浜・浦安・船橋・幕張,44平米以上確約（禁煙お部屋おまかせ5名様）,3200
2024-08-25,rakuten,ホテルエミオン東京ベイ,舞浜・浦安・船橋・幕張,エミオンタワー　リラックステラスルーム（全室禁煙）,3200
2024-08-25,rakuten,ホテルエミオン東京ベイ,舞浜・浦安・船橋・幕張,【エミオンタワー】和洋室（Bタイプ）バルコニー付き,3200
2024-08-25,rakuten,ホテルエミオン東京ベイ,舞浜・浦安・船橋・幕張,エミオンタワー　スタンダードルーム（全室禁煙）,3200
2024-08-25,rakuten,ホテルエミオン東京ベイ,舞浜・浦安・船橋・幕張,44平米以上確約（禁煙お部屋おまかせ4名様）,3200
2024-08-25,rakuten,ホテルエミオン東京ベイ,舞浜・浦安・船橋・幕張,エミオンタワー　和室（全室禁煙/6畳）,3200
2024-08-25,rakuten,ホテルエミオン東京ベイ,舞浜・浦安・船橋・幕張,エミオンタワー　コーナーテラスルーム（全室禁煙）,3200
2024-08-25,rakuten,ホテルエミオン東京ベイ,舞浜・浦安・船橋・幕張,エミオンタワー　デラックスルーム（全室禁煙）,3200
2024-08-25,rakuten,ホテルエミオン東京ベイ,舞浜・浦安・船橋・幕張,エミオンタワー　ユニバーサルルーム（全室禁煙）,3200
2024-08-25,rakuten,ホテルエミオン東京ベイ,舞浜・浦安・船橋・幕張,エミオンタワー　エミオンルーム ツイン（全室禁煙）,3200
2024-08-25,rakuten,ホテルエミオン東京ベイ,舞浜・浦安・船橋・幕張,エミオンスクエア　ヒカリテラスルーム（全室禁煙）,3200
2024-08-25,rakuten,ホテルエミオン東京ベイ,舞浜・浦安・船橋・幕張,44平米以上確約（禁煙お部屋おまかせ3名様）,3200
2024-08-25,rakuten,ホテルエミオン東京ベイ,舞浜・浦安・船橋・幕張,エミオンタワー　キッズプレジャールーム（全室禁煙）,3200
2024-08-25,rakuten,ホテルエミオン東京ベイ,舞浜・浦安・船橋・幕張,エミオンタワー　エミオンルーム ダブル（全室禁煙）,3200
2024-08-25,rakuten,ホテルエミオン東京ベイ,舞浜・浦安・船橋・幕張,44平米以上確約（禁煙お部屋おまかせ2名様）,3200
2024-08-25,rakuten,ホテルエミオン東京ベイ,舞浜・浦安・船橋・幕張,TDL４枚付　エミオンスクエア　スクエアフォース（全室禁煙）,3200
2024-08-25,rakuten,ホテルエミオン東京ベイ,舞浜・浦安・船橋・幕張,TDS４枚付　エミオンスクエア　スクエアフォース（全室禁煙）,3200
2024-08-25,rakuten,ホテルエミオン東京ベイ,舞浜・浦安・船橋・幕張,TDL４枚付　エミオンタワー　カジュアル5（全室禁煙）,3200
2024-08-25,rakuten,ホテルエミオン東京ベイ,舞浜・浦安・船橋・幕張,TDS４枚付　エミオンタワー　カジュアル5（全室禁煙）,3200
2024-08-25,rakuten,ホテルエミオン東京ベイ,舞浜・浦安・船橋・幕張,TDL３枚付　エミオンタワー　スタンダードルーム（全室禁煙）,3200
2024-08-25,rakuten,ホテルエミオン東京ベイ,舞浜・浦安・船橋・幕張,TDS３枚付　エミオンタワー　スタンダードルーム（全室禁煙）,3200
2024-08-25,rakuten,グランドニッコー東京ベイ　舞浜,舞浜・浦安・船橋・幕張,■ガーデンスーペリアルーム【禁煙】,6100
2024-08-25,rakuten,グランドニッコー東京ベイ　舞浜,舞浜・浦安・船橋・幕張,■ガーデンデラックスルーム【禁煙】,6100
2024-08-25,rakuten,グランドニッコー東京ベイ　舞浜,舞浜・浦安・船橋・幕張,■レインボースーペリアルーム【禁煙】,6100
2024-08-25,rakuten,グランドニッコー東京ベイ　舞浜,舞浜・浦安・船橋・幕張,■ガーデンスタンダードルーム【禁煙】,6100
2024-08-25,rakuten,グランドニッコー東京ベイ　舞浜,舞浜・浦安・船橋・幕張,■レインボーデラックスルーム【禁煙】,6100
2024-08-25,rakuten,グランドニッコー東京ベイ　舞浜,舞浜・浦安・船橋・幕張,■レインボースタンダードルーム【禁煙】,6100
2024-08-25,rakuten,グランドニッコー東京ベイ　舞浜,舞浜・浦安・船橋・幕張,■レインボーデラックスファミリールーム【禁煙】,6100
2024-08-25,rakuten,グランドニッコー東京ベイ　舞浜,舞浜・浦安・船橋・幕張,■ガーデンデラックスファミリールーム【禁煙】,6100
2024-08-25,rakuten,グランドニッコー東京ベイ　舞浜,舞浜・浦安・船橋・幕張,■ニッコースタンダードルーム【禁煙】,6100
2024-08-25,rakuten,グランドニッコー東京ベイ　舞浜,舞浜・浦安・船橋・幕張,■ニッコーデラックスファミリー ルーム【禁煙】,6100
2024-08-25,rakuten,ホテル近鉄ユニバーサル・シティ,大阪,【禁煙】ファミリールーム,5800
2024-08-25,rakuten,ホテル近鉄ユニバーサル・シティ,大阪,禁煙コーナーファミリールーム 最大５名,5800
2024-08-25,rakuten,ホテル近鉄ユニバーサル・シティ,大阪,お部屋おまかせ　最大４名様まで,5800
2024-08-25,rakuten,ホテル近鉄ユニバーサル・シティ,大阪,お部屋おまかせ　最大３名様まで,5800
2024-08-25,rakuten,ホテル近鉄ユニバーサル・シティ,大阪,【禁煙】カジュアルツインルーム,5800
2024-08-25,rakuten,ホテル近鉄ユニバーサル・シティ,大阪,スーペリアルーム,5800
2024-08-25,rakuten,ホテル近鉄ユニバーサル・シティ,大阪,エナジーポップルーム　バンクベッド,5800
2024-08-25,rakuten,ホテル近鉄ユニバーサル・シティ,大阪,【禁煙】高層階カジュアルツイン,5800
2024-08-25,rakuten,ホテル近鉄ユニバーサル・シティ,大阪,【禁煙】隣同士をお約束専用♪２部屋セットルーム,5800
2024-08-25,rakuten,ホテル近鉄ユニバーサル・シティ,大阪,コーナーファミリールーム（エナジーポップ）,5800
2024-08-25,rakuten,ホテル近鉄ユニバーサル・シティ,大阪,【禁煙】★スタジオビュー★ カジュアルツインルーム,5800
2024-08-25,rakuten,ホテル近鉄ユニバーサル・シティ,大阪,スーペリアルーム スタジオビュー,5800
2024-08-25,rakuten,ホテル近鉄ユニバーサル・シティ,大阪,【禁煙】★スタジオビュー★ カジュアルダブルルーム,5800
2024-08-25,rakuten,ホテル近鉄ユニバーサル・シティ,大阪,デラックスコーナールーム,5800
2024-08-25,rakuten,ホテル近鉄ユニバーサル・シティ,大阪,セサミストリートＴＭ・ワクワク　ファン・ルーム　カジュアル,5800
2024-08-25,rakuten,ホテル近鉄ユニバーサル・シティ,大阪,モッピーのラッキー・ルーム,5800
2024-08-25,rakuten,ホテル近鉄ユニバーサル・シティ,大阪,エルモのハッピー・ルーム  スタジオビュー,5800
2024-08-25,rakuten,ホテル近鉄ユニバーサル・シティ,大阪,モッピーのラッキー・ルーム　ハリウッドツイン,5800
2024-08-25,rakuten,ホテル近鉄ユニバーサル・シティ,大阪,デラックスコーナールーム スタジオビュー,5800
2024-08-25,rakuten,ホテル近鉄ユニバーサル・シティ,大阪,エルモのハッピー・ルーム　ダブルルーム,5800
2024-08-25,rakuten,三井ガーデンホテル　プラナ東京ベイ,舞浜・浦安・船橋・幕張,お部屋タイプおまかせ【禁煙】,4320
2024-08-25,rakuten,三井ガーデンホテル　プラナ東京ベイ,舞浜・浦安・船橋・幕張,バルコニーフォース【禁煙】,4320
2024-08-25,rakuten,三井ガーデンホテル　プラナ東京ベイ,舞浜・浦安・船橋・幕張,【室数限定】バルコニーフォース【禁煙】,4320
2024-08-25,rakuten,三井ガーデンホテル　プラナ東京ベイ,舞浜・浦安・船橋・幕張,デラックスツイン【禁煙】,4320
2024-08-25,rakuten,三井ガーデンホテル　プラナ東京ベイ,舞浜・浦安・船橋・幕張,プラナフォース【禁煙】,4320
2024-08-25,rakuten,三井ガーデンホテル　プラナ東京ベイ,舞浜・浦安・船橋・幕張,ハロウィーンルーム【禁煙】／36.4平米・バルコニー付,4320
2024-08-25,rakuten,三井ガーデンホテル　プラナ東京ベイ,舞浜・浦安・船橋・幕張,テラスシックスス【禁煙】,4320
2024-08-25,rakuten,三井ガーデンホテル　プラナ東京ベイ,舞浜・浦安・船橋・幕張,テラスフィフス【禁煙】,4320
2024-08-25,rakuten,三井ガーデンホテル　プラナ東京ベイ,舞浜・浦安・船橋・幕張,コーナーフォース【禁煙】,4320
2024-08-25,rakuten,三井ガーデンホテル　プラナ東京ベイ,舞浜・浦安・船橋・幕張,テラスシックスス【禁煙】,4320
2024-08-25,rakuten,三井ガーデンホテル　プラナ東京ベイ,舞浜・浦安・船橋・幕張,＜パパママ楽×楽＞　バルコニーフォース【禁煙】,4320
2024-08-25,rakuten,三井ガーデンホテル　プラナ東京ベイ,舞浜・浦安・船橋・幕張,ウェルカムベビープラナフォース【禁煙】,4320
2024-08-25,rakuten,三井ガーデンホテル　プラナ東京ベイ,舞浜・浦安・船橋・幕張,デラックスステートツイン【禁煙】,4320
2024-08-25,rakuten,三井ガーデンホテル　プラナ東京ベイ,舞浜・浦安・船橋・幕張,【INLAND】バルコニーフォース4名【禁煙】,4320
2024-08-25,rakuten,三井ガーデンホテル　プラナ東京ベイ,舞浜・浦安・船橋・幕張,【INSEA】バルコニーフォース4名【禁煙】,4320
2024-08-25,rakuten,三井ガーデンホテル　プラナ東京ベイ,舞浜・浦安・船橋・幕張,ドッグフレンドリールーム【禁煙】,4320
2024-08-25,rakuten,三井ガーデンホテル　プラナ東京ベイ,舞浜・浦安・船橋・幕張,【INLAND】バルコニーフォース3名【禁煙】,4320
2024-08-25,rakuten,三井ガーデンホテル　プラナ東京ベイ,舞浜・浦安・船橋・幕張,【INSEA】バルコニーフォース3名【禁煙】,4320
2024-08-25,rakuten,三井ガーデンホテル　プラナ東京ベイ,舞浜・浦安・船橋・幕張,コーナーテラスシックスス【禁煙】,4320
2024-08-25,rakuten,三井ガーデンホテル　プラナ東京ベイ,舞浜・浦安・船橋・幕張,【INSEA】バルコニーフォース2名【禁煙】,4320
2024-08-25,rakuten,東京ベイ舞浜ホテル,舞浜・浦安・船橋・幕張,シンフォニールーム（低層階/眺望なし）,6210
2024-08-25,rakuten,東京ベイ舞浜ホテル,舞浜・浦安・船橋・幕張,シンフォニールーム■禁煙■期間限定,6210
2024-08-25,rakuten,東京ベイ舞浜ホテル,舞浜・浦安・船橋・幕張,シンフォニールーム■禁煙■,6210
2024-08-25,rakuten,東京ベイ舞浜ホテル,舞浜・浦安・船橋・幕張,シンフォニールーム■禁煙■PS,6210
2024-08-25,rakuten,東京ベイ舞浜ホテル,舞浜・浦安・船橋・幕張,【特別階】ハース・シンフォニールーム■禁煙■,6210
2024-08-25,rakuten,東京ベイ舞浜ホテル,舞浜・浦安・船橋・幕張,お部屋おまかせ３名１室■禁煙■,6210
2024-08-25,rakuten,東京ベイ舞浜ホテル,舞浜・浦安・船橋・幕張,ハーモニールーム（低層階/眺望なし）,6210
2024-08-25,rakuten,東京ベイ舞浜ホテル,舞浜・浦安・船橋・幕張,ハーモニールーム■禁煙■,6210
2024-08-25,rakuten,東京ベイ舞浜ホテル,舞浜・浦安・船橋・幕張,ハーモニールーム■禁煙■PS,6210
2024-08-25,rakuten,東京ベイ舞浜ホテル,舞浜・浦安・船橋・幕張,ハーモニールーム■禁煙■期間限定,6210
2024-08-25,rakuten,東京ベイ舞浜ホテル,舞浜・浦安・船橋・幕張,【特別階】ハース・ハーモニールーム■禁煙■,6210
2024-08-25,rakuten,東京ベイ舞浜ホテル,舞浜・浦安・船橋・幕張,ハース・シンフォニールーム■禁煙■PS,6210
2024-08-25,rakuten,東京ベイ舞浜ホテル,舞浜・浦安・船橋・幕張,カントリーハロウィーン・シンフォニールーム,6210
2024-08-25,rakuten,東京ベイ舞浜ホテル,舞浜・浦安・船橋・幕張,魔女の不思議なハロウィーン・シンフォニールーム,6210
2024-08-25,rakuten,東京ベイ舞浜ホテル,舞浜・浦安・船橋・幕張,ハース・ハーモニールーム■禁煙■PS,6210
2024-08-25,rakuten,東京ベイ舞浜ホテル,舞浜・浦安・船橋・幕張,コネクティング・ハーモニールーム■禁煙■PS,6210
2024-08-25,rakuten,東京ベイ舞浜ホテル,舞浜・浦安・船橋・幕張,シンフォニールーム■禁煙■FD,6210
2024-08-25,rakuten,東京ベイ舞浜ホテル,舞浜・浦安・船橋・幕張,お部屋おまかせ２名１室■禁煙■,6210
2024-08-25,rakuten,東京ベイ舞浜ホテル,舞浜・浦安・船橋・幕張,魔女の不思議なハロウィーン・ハーモニールーム,6210
2024-08-25,rakuten,東京ベイ舞浜ホテル,舞浜・浦安・船橋・幕張,カントリーハロウィーン・ハーモニールーム,6210
2024-08-25,rakuten,ホテル京阪　ユニバーサル・タワー,大阪,【バンクベッド】スタンダードルーム（25平米）,5620
2024-08-25,rakuten,ホテル京阪　ユニバーサル・タワー,大阪,【リニューアル】スタンダードルーム（25平米）,5620
2024-08-25,rakuten,ホテル京阪　ユニバーサル・タワー,大阪,【コンフォート】スタンダードトリプル（25平米）,5620
2024-08-25,rakuten,ホテル京阪　ユニバーサル・タワー,大阪,【高層階タワーグランデ】スタンダードルーム（25平米）,5620
2024-08-25,rakuten,ホテル京阪　ユニバーサル・タワー,大阪,【バンクベッド】スーペリアルーム（37平米）,5620
2024-08-25,rakuten,ホテル京阪　ユニバーサル・タワー,大阪,●＜隣室確約＞スタンダードツイン　2室4〜6名様,5620
2024-08-25,rakuten,ホテル京阪　ユニバーサル・タワー,大阪,【リニューアル】スーペリアトリプル（37平米）,5620
2024-08-25,rakuten,ホテル京阪　ユニバーサル・タワー,大阪,●カジュアルツイン（21平米）,5620
2024-08-25,rakuten,ホテル京阪　ユニバーサル・タワー,大阪,【高層階タワーグランデ】カジュアルツイン（21平米）,5620
2024-08-25,rakuten,ホテル京阪　ユニバーサル・タワー,大阪,【高層階タワーグランデ】スーペリアルーム（37平米）,5620
2024-08-25,rakuten,ホテル京阪　ユニバーサル・タワー,大阪,●スタンダードルーム（25平米）,5620
2024-08-25,rakuten,ホテル京阪　ユニバーサル・タワー,大阪,【コンフォート】スーペリアフォース（37平米）,5620
2024-08-25,rakuten,ホテル京阪　ユニバーサル・タワー,大阪,【5名利用】スーペリアルーム（37平米）,5620
2024-08-25,rakuten,ホテル京阪　ユニバーサル・タワー,大阪,【高層階タワーグランデ】スタンダードダブル（25平米）,5620
2024-08-25,rakuten,ホテル京阪　ユニバーサル・タワー,大阪,●スーペリアルーム（37平米）,5620
2024-08-25,rakuten,ホテル京阪　ユニバーサル・タワー,大阪,【3〜4名利用】スーペリアルーム（37平米）,5620
2024-08-25,rakuten,ホテル京阪　ユニバーサル・タワー,大阪,28〜29階【タワープレミアム】スーペリアルーム（37平米）,5620
2024-08-25,rakuten,ホテル京阪　ユニバーサル・タワー,大阪,28〜30階【タワープレミアム】カジュアルツイン(21平米),5620
2024-08-25,rakuten,ホテル京阪　ユニバーサル・タワー,大阪,28〜30階【タワープレミアム】スタンダードツイン/25平米,5620
2024-08-25,rakuten,ホテル京阪　ユニバーサル・タワー,大阪,28〜30階【タワープレミアム】スタンダードダブル/25平米,5620
2024-08-25,rakuten,ホテルユニバーサルポート,大阪,デラックス【禁煙】・,5500
2024-08-25,rakuten,ホテルユニバーサルポート,大阪,ファミリールーム【禁煙】・,5500
2024-08-25,rakuten,ホテルユニバーサルポート,大阪,スーペリア【禁煙】・,5500
2024-08-25,rakuten,ホテルユニバーサルポート,大阪,デラックスコーナー[ ハーバーサイド ]【禁煙】・,5500
2024-08-25,rakuten,ホテルユニバーサルポート,大阪,デラックス【禁煙】,5500
2024-08-25,rakuten,ホテルユニバーサルポート,大阪,ファミリールーム【禁煙】,5500
2024-08-25,rakuten,ホテルユニバーサルポート,大阪,スーペリアコーナー【禁煙】・,5500
2024-08-25,rakuten,ホテルユニバーサルポート,大阪,エーゲ デラックス[ ハーバーサイド ]【禁煙】・,5500
2024-08-25,rakuten,ホテルユニバーサルポート,大阪,デラックスコーナー[ ハーバーサイド ]【禁煙】,5500
2024-08-25,rakuten,ホテルユニバーサルポート,大阪,カリブ スーペリア[ ハーバーサイド ]【禁煙】・,5500
2024-08-25,rakuten,ホテルユニバーサルポート,大阪,スーペリア【禁煙】,5500
2024-08-25,rakuten,ホテルユニバーサルポート,大阪,バリアフリーコーナールーム【禁煙】,5500
2024-08-25,rakuten,ホテルユニバーサルポート,大阪,スタンダードツイン【禁煙】・,5500
2024-08-25,rakuten,ホテルユニバーサルポート,大阪,スーペリアコーナー【禁煙】,5500
2024-08-25,rakuten,ホテルユニバーサルポート,大阪,エーゲ デラックス[ ハーバーサイド ]【禁煙】,5500
2024-08-25,rakuten,ホテルユニバーサルポート,大阪,Girlyルーム【禁煙】,5500
2024-08-25,rakuten,ホテルユニバーサルポート,大阪,Partyルーム（6名）【禁煙】,5500
2024-08-25,rakuten,ホテルユニバーサルポート,大阪,スタンダードキング【禁煙】・,5500
2024-08-25,rakuten,ホテルユニバーサルポート,大阪,カリブ スーペリア[ ハーバーサイド ]【禁煙】,5500
2024-08-25,rakuten,ホテルユニバーサルポート,大阪,Partyルーム（4〜5名）【禁煙】,5500
2024-08-25,rakuten,ホテルユニバーサルポート,大阪,スタンダードツイン【禁煙】,5500
2024-08-25,rakuten,ホテルユニバーサルポート,大阪,カリブ デラックスコーナー[ ハーバーサイド ]【禁煙】,5500
2024-08-25,rakuten,ホテルユニバーサルポート,大阪,エーゲ スタンダードツイン【禁煙】・,5500
2024-08-25,rakuten,ホテルユニバーサルポート,大阪,【2024年7月 新たに誕生】ドキドキ アドベンチャールーム,5500
2024-08-25,rakuten,ホテルユニバーサルポート,大阪,スタンダードキング【禁煙】,5500
2024-08-25,rakuten,ホテルユニバーサルポート,大阪,エーゲ スーペリアコーナー【禁煙】 ,5500
2024-08-25,rakuten,ホテルユニバーサルポート,大阪,エーゲ スタンダードキング【禁煙】 ・,5500
2024-08-25,rakuten,ホテルユニバーサルポート,大阪,Girlyルーム【禁煙】・,5500
2024-08-25,rakuten,ホテルユニバーサルポート,大阪,エーゲ スタンダードツイン【禁煙】,5500
2024-08-25,rakuten,ホテルユニバーサルポート,大阪,エーゲ スタンダードキング【禁煙】,5500
2024-08-25,rakuten,ホテルユニバーサルポート,大阪,最上階特別フロア｜オーシャンデラックス【禁煙】・,5500
2024-08-25,rakuten,ホテルユニバーサルポート,大阪,WAKU WAKU ワンダールーム【禁煙】,5500
2024-08-25,rakuten,ホテルユニバーサルポート,大阪,最上階特別フロア｜オーシャンツイン【禁煙】・,5500
2024-08-25,rakuten,ホテルユニバーサルポート,大阪,最上階特別フロア｜オーシャンデラックス【禁煙】,5500
2024-08-25,rakuten,ホテルユニバーサルポート,大阪,最上階特別フロア｜オーシャンツイン【禁煙】,5500
2024-08-25,rakuten,ホテルユニバーサルポート,大阪,最上階特別フロア｜オーシャンキング【禁煙】,5500
2024-08-25,rakuten,ホテルユニバーサルポート,大阪,最上階特別フロア｜コーナーパレス【禁煙】,5500
2024-08-25,rakuten,ホテルユニバーサルポート,大阪,日本初！ミニオンルーム【禁煙】,5500
2024-08-25,rakuten,ホテルユニバーサルポート,大阪,ミニオンルーム 3【禁煙】,5500
2024-08-25,rakuten,ホテルユニバーサルポート,大阪,Partyルーム（6名）【禁煙】・,5500
2024-08-25,rakuten,ホテルユニバーサルポートヴィータ,大阪,ヴィータ スーペリアツイン・,5000
2024-08-25,rakuten,ホテルユニバーサルポートヴィータ,大阪,ヴィータ スタンダードツイン・,5000
2024-08-25,rakuten,ホテルユニバーサルポートヴィータ,大阪,ヴィータ デラックスツイン・,5000
2024-08-25,rakuten,ホテルユニバーサルポートヴィータ,大阪,ヴィータ スーペリアツイン,5000
2024-08-25,rakuten,ホテルユニバーサルポートヴィータ,大阪,ヴィータ スーペリアツイン（1〜3名様）・,5000
2024-08-25,rakuten,ホテルユニバーサルポートヴィータ,大阪,ヴィータ スタンダードツイン,5000
2024-08-25,rakuten,ホテルユニバーサルポートヴィータ,大阪,ヴィータ デラックスツイン,5000
2024-08-25,rakuten,ホテルユニバーサルポートヴィータ,大阪,ヴィータ スーペリアツイン（1〜3名様）,5000
2024-08-25,rakuten,ホテルユニバーサルポートヴィータ,大阪,スターリールーム[ パークサイド ]・,5000
2024-08-25,rakuten,ホテルユニバーサルポートヴィータ,大阪,ヴィータ スタンダードキング,5000
2024-08-25,rakuten,ホテルユニバーサルポートヴィータ,大阪,レインボールーム[ ハーバーサイド ]・,5000
2024-08-25,rakuten,ホテルユニバーサルポートヴィータ,大阪,ヴィータ スーペリアコーナー[ パークサイド ]・,5000
2024-08-25,rakuten,ホテルユニバーサルポートヴィータ,大阪,スターリールーム[ パークサイド ],5000
2024-08-25,rakuten,ホテルユニバーサルポートヴィータ,大阪,レインボールーム[ ハーバーサイド ],5000
2024-08-25,rakuten,ホテルユニバーサルポートヴィータ,大阪,きらきらコーナールーム[ ハーバーサイド ]・,5000
2024-08-25,rakuten,ホテルユニバーサルポートヴィータ,大阪,ヴィータ スタンダードキング・,5000
2024-08-25,rakuten,ホテルユニバーサルポートヴィータ,大阪,ヴィータ スーペリアコーナー[ パークサイド ],5000
2024-08-25,rakuten,ホテルユニバーサルポートヴィータ,大阪,もこもこルーム・,5000
2024-08-25,rakuten,ホテルユニバーサルポートヴィータ,大阪,きらきらコーナールーム[ ハーバーサイド ],5000
2024-08-25,rakuten,ホテルユニバーサルポートヴィータ,大阪,レインボールーム[ ハーバーサイド ]・,5000
2024-08-25,rakuten,シェラトン・グランデ・トーキョーベイ・ホテル,舞浜・浦安・船橋・幕張,スタンダードルーム　4ベッド,7700
2024-08-25,rakuten,シェラトン・グランデ・トーキョーベイ・ホテル,舞浜・浦安・船橋・幕張,スタンダードルーム ベッド4台 C/IN日TDL利用,7700
2024-08-25,rakuten,シェラトン・グランデ・トーキョーベイ・ホテル,舞浜・浦安・船橋・幕張,スタンダードルーム ベッド4台 C/IN日TDS利用,7700
2024-08-25,rakuten,シェラトン・グランデ・トーキョーベイ・ホテル,舞浜・浦安・船橋・幕張,【カップルにも人気】オーシャンドリームルーム　4ベッド,7700
2024-08-25,rakuten,シェラトン・グランデ・トーキョーベイ・ホテル,舞浜・浦安・船橋・幕張,【ファミリーにも人気】PARK WINGルーム　4ベッド,7700
2024-08-25,rakuten,シェラトン・グランデ・トーキョーベイ・ホテル,舞浜・浦安・船橋・幕張,【グループにも人気】グランデルーム 4ベッド 洗い場付き浴室,7700
2024-08-25,rakuten,シェラトン・グランデ・トーキョーベイ・ホテル,舞浜・浦安・船橋・幕張,トレジャーズルーム 6ベッド【洗い場付き浴室】,7700
2024-08-25,rakuten,シェラトン・グランデ・トーキョーベイ・ホテル,舞浜・浦安・船橋・幕張,スタンダードルーム　3ベッド,7700
2024-08-25,rakuten,シェラトン・グランデ・トーキョーベイ・ホテル,舞浜・浦安・船橋・幕張,スタンダードルーム ベッド3台 C/IN日TDL利用,7700
2024-08-25,rakuten,シェラトン・グランデ・トーキョーベイ・ホテル,舞浜・浦安・船橋・幕張,スタンダードルーム ベッド3台 C/IN日TDS利用,7700
2024-08-25,rakuten,シェラトン・グランデ・トーキョーベイ・ホテル,舞浜・浦安・船橋・幕張,【カップルにも人気】オーシャンドリームルーム　3ベッド,7700
2024-08-25,rakuten,シェラトン・グランデ・トーキョーベイ・ホテル,舞浜・浦安・船橋・幕張,【ファミリーにも人気】PARK WINGルーム　3ベッド,7700
2024-08-25,rakuten,シェラトン・グランデ・トーキョーベイ・ホテル,舞浜・浦安・船橋・幕張,【グループにも人気】グランデルーム 3ベッド 洗い場付き浴室,7700
2024-08-25,rakuten,シェラトン・グランデ・トーキョーベイ・ホテル,舞浜・浦安・船橋・幕張,トレジャーズルーム 4・5ベッド【洗い場付き浴室】,7700
2024-08-25,rakuten,シェラトン・グランデ・トーキョーベイ・ホテル,舞浜・浦安・船橋・幕張,PARK WINGルーム ベッド4台 C/IN日TDL利用,7700
2024-08-25,rakuten,シェラトン・グランデ・トーキョーベイ・ホテル,舞浜・浦安・船橋・幕張,PARK WINGルーム ベッド4台 C/IN日TDS利用,7700
2024-08-25,rakuten,シェラトン・グランデ・トーキョーベイ・ホテル,舞浜・浦安・船橋・幕張,スタンダードルーム　2ベッド,7700
2024-08-25,rakuten,シェラトン・グランデ・トーキョーベイ・ホテル,舞浜・浦安・船橋・幕張,PARK WING ドッグフレンドリールーム　3ベッド ,7700
2024-08-25,rakuten,シェラトン・グランデ・トーキョーベイ・ホテル,舞浜・浦安・船橋・幕張,トレジャーズルーム 6ベッド C/IN日TDL利用,7700
2024-08-25,rakuten,シェラトン・グランデ・トーキョーベイ・ホテル,舞浜・浦安・船橋・幕張,トレジャーズルーム 6ベッド C/IN日TDS利用,7700
2024-08-25,rakuten,シェラトン・グランデ・トーキョーベイ・ホテル,舞浜・浦安・船橋・幕張,スタンダードルーム ベッド2台 C/IN日TDL利用,7700
2024-08-25,rakuten,シェラトン・グランデ・トーキョーベイ・ホテル,舞浜・浦安・船橋・幕張,スタンダードルーム ベッド2台 C/IN日TDS利用,7700
2024-08-25,rakuten,シェラトン・グランデ・トーキョーベイ・ホテル,舞浜・浦安・船橋・幕張,トレジャーズルーム 3ベッド【洗い場付き浴室】,7700
2024-08-25,rakuten,シェラトン・グランデ・トーキョーベイ・ホテル,舞浜・浦安・船橋・幕張,【カップルにも人気】シェラトンクラブルーム　4ベッド,7700
2024-08-25,rakuten,シェラトン・グランデ・トーキョーベイ・ホテル,舞浜・浦安・船橋・幕張,ファミリープレミアム　５ベッド,7700
2024-08-25,rakuten,シェラトン・グランデ・トーキョーベイ・ホテル,舞浜・浦安・船橋・幕張,ファミリープレミアムルーム5ベッド C/OUT日TDL利用,7700
2024-08-25,rakuten,シェラトン・グランデ・トーキョーベイ・ホテル,舞浜・浦安・船橋・幕張,ファミリープレミアムルーム5ベッド C/OUT日TDS利用,7700
2024-08-25,rakuten,シェラトン・グランデ・トーキョーベイ・ホテル,舞浜・浦安・船橋・幕張,【カップルにも人気】オーシャンドリームルーム　2ベッド,7700
2024-08-25,rakuten,シェラトン・グランデ・トーキョーベイ・ホテル,舞浜・浦安・船橋・幕張,グランデルーム ベッド3台 C/IN日TDL利用,7700
2024-08-25,rakuten,シェラトン・グランデ・トーキョーベイ・ホテル,舞浜・浦安・船橋・幕張,グランデルーム ベッド3台 C/IN日TDS利用,7700
2024-08-25,rakuten,シェラトン・グランデ・トーキョーベイ・ホテル,舞浜・浦安・船橋・幕張,【ファミリーにも人気】PARK WINGルーム　2ベッド,7700
2024-08-25,rakuten,シェラトン・グランデ・トーキョーベイ・ホテル,舞浜・浦安・船橋・幕張,【グループにも人気】グランデルーム 2ベッド 洗い場付き浴室,7700
2024-08-25,rakuten,シェラトン・グランデ・トーキョーベイ・ホテル,舞浜・浦安・船橋・幕張,【カップルにも人気】シェラトンクラブルーム　3ベッド,7700
2024-08-25,rakuten,シェラトン・グランデ・トーキョーベイ・ホテル,舞浜・浦安・船橋・幕張,【グループにも人気】グランデルーム 4ベッドガーデンプール ,7700
2024-08-25,rakuten,シェラトン・グランデ・トーキョーベイ・ホテル,舞浜・浦安・船橋・幕張,【グループにも人気】グランデルーム 4ベッド ナイトプール ,7700
2024-08-25,rakuten,シェラトン・グランデ・トーキョーベイ・ホテル,舞浜・浦安・船橋・幕張,PARK WING ドッグフレンドリールーム　2ベッド,7700
2024-08-25,rakuten,シェラトン・グランデ・トーキョーベイ・ホテル,舞浜・浦安・船橋・幕張,グランデルーム ベッド2台 C/IN日TDL利用,7700
2024-08-25,rakuten,シェラトン・グランデ・トーキョーベイ・ホテル,舞浜・浦安・船橋・幕張,グランデルーム ベッド2台 C/IN日TDS利用,7700
2024-08-25,rakuten,シェラトン・グランデ・トーキョーベイ・ホテル,舞浜・浦安・船橋・幕張,【グループにも人気】グランデルーム 3ベッドガーデンプール,7700
2024-08-25,rakuten,シェラトン・グランデ・トーキョーベイ・ホテル,舞浜・浦安・船橋・幕張,ジャパニーズスイートルーム 6名一室,7700
2024-08-25,rakuten,ロイヤルツインホテル京都八条口,京都,スマート・ダブルルーム,5100
2024-08-25,rakuten,ロイヤルツインホテル京都八条口,京都,スマート・ダブルルーム,5100
2024-08-25,rakuten,ロイヤルツインホテル京都八条口,京都,スマート・ハリウッドツインルーム,5100
2024-08-25,rakuten,ロイヤルツインホテル京都八条口,京都,スマート・ハリウッドツインルーム,5100
2024-08-25,rakuten,ロイヤルツインホテル京都八条口,京都,スマート・クイーンルーム,5100
2024-08-25,rakuten,ロイヤルツインホテル京都八条口,京都,ネット限定・全ておまかせ（見つけたら超ラッキー！）,5100
2024-08-25,rakuten,ロイヤルツインホテル京都八条口,京都,ダブルルームおまかせ,5100
2024-08-25,rakuten,ロイヤルツインホテル京都八条口,京都,ツインルームおまかせ,5100
2024-08-25,rakuten,ロイヤルツインホテル京都八条口,京都,スマート・ユニバーサルルーム,5100
2024-08-25,rakuten,ロイヤルツインホテル京都八条口,京都,スマート・KAGUYA,5100
2024-08-25,rakuten,リーベルホテル大阪,大阪,スタンダードツイン【禁煙】,6500
2024-08-25,rakuten,リーベルホテル大阪,大阪,スーペリアツイン【禁煙】,6500
2024-08-25,rakuten,リーベルホテル大阪,大阪,スタンダードダブル【禁煙】,6500
2024-08-25,rakuten,リーベルホテル大阪,大阪,デラックスルーム【禁煙】　66平米,6500
2024-08-25,rakuten,リーベルホテル大阪,大阪,スタンダードツイン・隣接確約【禁煙】,6500
2024-08-25,rakuten,リーベルホテル大阪,大阪,スーペリアツイン・隣接確約【禁煙】,6500
2024-08-25,rakuten,リーベルホテル大阪,大阪,デラックスルーム【トリプル・禁煙】　49平米,6500
2024-08-25,rakuten,リーベルホテル大阪,大阪,スペーシャスルーム　【ブライト・禁煙】,6500
2024-08-25,rakuten,リーベルホテル大阪,大阪,スペーシャスルーム　【グランド・禁煙】,6500
2024-08-25,rakuten,リーベルホテル大阪,大阪,ラグジュアリーフロア【モードツイン・禁煙】,6500
2024-08-25,rakuten,横浜ベイホテル東急,横浜,【禁煙】デラックスツインシティビュー,7350
2024-08-25,rakuten,横浜ベイホテル東急,横浜,【禁煙】アクセシブルツインシティビュー,7350
2024-08-25,rakuten,横浜ベイホテル東急,横浜,【喫煙】デラックスツインシティビュー,7350
2024-08-25,rakuten,横浜ベイホテル東急,横浜,【喫煙】エグゼクティブツインパークビュー,7350
2024-08-25,rakuten,横浜ベイホテル東急,横浜,【禁煙】エグゼクティブツインパークビュー,7350
2024-08-25,rakuten,横浜ベイホテル東急,横浜,【喫煙】エグゼクティブツインベイビュー,7350
2024-08-25,rakuten,横浜ベイホテル東急,横浜,【禁煙】エグゼクティブツインベイビュー,7350
2024-08-25,rakuten,横浜ベイホテル東急,横浜,【喫煙】ラグジュアリーハーバーキングパークビュー,7350
2024-08-25,rakuten,横浜ベイホテル東急,横浜,【禁煙】ラグジュアリーハーバーキングパークビュー,7350
2024-08-25,rakuten,横浜ベイホテル東急,横浜,【禁煙】ビューバスラグジュアリートリプルパークビュー,7350
2024-08-25,rakuten,横浜ベイホテル東急,横浜,【喫煙】エグゼクティブキングベイビュー,7350
2024-08-25,rakuten,横浜ベイホテル東急,横浜,【禁煙】エグゼクティブキングベイビュー,7350
2024-08-25,rakuten,横浜ベイホテル東急,横浜,【禁煙】ベイクラブフロアツインシティビュー,7350
2024-08-25,rakuten,横浜ベイホテル東急,横浜,【禁煙】ベイクラブフロアツインパークビュー,7350
2024-08-25,rakuten,横浜ベイホテル東急,横浜,【禁煙】ベイクラブフロアキングシティビュー,7350
2024-08-25,rakuten,横浜ベイホテル東急,横浜,【禁煙】ベイクラブフロアツインベイビュー,7350
2024-08-25,rakuten,横浜ベイホテル東急,横浜,【禁煙】グランドファミリースイートツイン,7350
2024-08-25,rakuten,横浜ベイホテル東急,横浜,【喫煙】ビューバスラグジュアリーオーシャンツインベイビュー,7350
2024-08-25,rakuten,横浜ベイホテル東急,横浜,【禁煙】ビューバスラグジュアリーオーシャンツインベイビュー,7350
2024-08-25,rakuten,横浜ベイホテル東急,横浜,【喫煙】ビューバスラグジュアリーキングパークビュー,7350
2024-08-25,rakuten,ホテル　パールガーデン,高松・さぬき・東かがわ,本館：【禁煙】ツイン＜25m2：ベット110×190＞,3670
2024-08-25,rakuten,ホテル　パールガーデン,高松・さぬき・東かがわ,本館：【喫煙可】ツイン＜25m2：ベット110×190＞,3670
2024-08-25,rakuten,ホテル　パールガーデン,高松・さぬき・東かがわ,本館：【禁煙】シングル＜16m2：ベット120×190＞,3670
2024-08-25,rakuten,ホテル　パールガーデン,高松・さぬき・東かがわ,本館：【喫煙可】シングル＜16m2：ベット120×190＞,3670
2024-08-25,rakuten,ホテル　パールガーデン,高松・さぬき・東かがわ,新館：令和元年OP【禁煙】ショートツイン,3670
2024-08-25,rakuten,ホテル　パールガーデン,高松・さぬき・東かがわ,【本館】：和室10畳＜角部屋＞＜禁煙＞,3670
2024-08-25,rakuten,ホテル　パールガーデン,高松・さぬき・東かがわ,新館：令和元年OP【禁煙】シングル＜ダブルベット＞,3670
2024-08-25,rakuten,ホテル　パールガーデン,高松・さぬき・東かがわ,新館：部屋タイプお任せ【禁煙】,3670
2024-08-25,rakuten,ホテル　パールガーデン,高松・さぬき・東かがわ,新館：令和元年OP【禁煙】スタンダードツイン,3670
2024-08-25,rakuten,ホテル　パールガーデン,高松・さぬき・東かがわ,新館：令和元年OP【禁煙】シングル＜セミダブルベット＞,3670
2024-08-25,rakuten,月のホテル,酒田・鶴岡・湯野浜・温海,禁煙　訳アリ　ダブル,4050
2024-08-25,rakuten,月のホテル,酒田・鶴岡・湯野浜・温海,禁煙　訳アリ　コンフォートダブル,4050
2024-08-25,rakuten,月のホテル,酒田・鶴岡・湯野浜・温海,ルームタイプおまかせ【禁煙】,4050
2024-08-25,rakuten,月のホテル,酒田・鶴岡・湯野浜・温海,禁煙　ダブルルーム　3・4階,4050
2024-08-25,rakuten,月のホテル,酒田・鶴岡・湯野浜・温海,禁煙　コンフォートダブル　3・4階,4050
2024-08-25,rakuten,月のホテル,酒田・鶴岡・湯野浜・温海,禁煙   モデレートダブル　５〜８階,4050
2024-08-25,rakuten,月のホテル,酒田・鶴岡・湯野浜・温海,禁煙　コンフォート　ダブル　5〜8階,4050
2024-08-25,rakuten,月のホテル,酒田・鶴岡・湯野浜・温海,禁煙　訳アリ　TATAMIツイン,4050
2024-08-25,rakuten,月のホテル,酒田・鶴岡・湯野浜・温海,禁煙　TATAMI ツイン　３、４階,4050
2024-08-25,rakuten,月のホテル,酒田・鶴岡・湯野浜・温海,禁煙　コーナーツイン　３、４階,4050
2024-08-25,rakuten,鬼怒川温泉　あさや,鬼怒川・川治・湯西川・川俣,【禁煙】秀峰館和室渓谷側10畳（3階〜5階）,17600
2024-08-25,rakuten,鬼怒川温泉　あさや,鬼怒川・川治・湯西川・川俣,【禁煙】秀峰館洋室（ツイン又はハリウッドツイン）,17600
2024-08-25,rakuten,鬼怒川温泉　あさや,鬼怒川・川治・湯西川・川俣,【禁煙】秀峰館洋室(スモールツイン・２０平米),17600
2024-08-25,rakuten,鬼怒川温泉　あさや,鬼怒川・川治・湯西川・川俣,【禁煙】秀峰館和室街側12畳,17600
2024-08-25,rakuten,鬼怒川温泉　あさや,鬼怒川・川治・湯西川・川俣,【禁煙】秀峰館和室渓谷側10畳又は街側12畳,17600
2024-08-25,rakuten,鬼怒川温泉　あさや,鬼怒川・川治・湯西川・川俣,【禁煙】秀峰館和室渓谷側12畳,17600
2024-08-25,rakuten,鬼怒川温泉　あさや,鬼怒川・川治・湯西川・川俣,【禁煙】八番館ベッド付和室（10畳+ベッド）,17600
2024-08-25,rakuten,鬼怒川温泉　あさや,鬼怒川・川治・湯西川・川俣,【禁煙】秀峰館■眺望風呂付■リラックス和洋室,17600
2024-08-25,rakuten,鬼怒川温泉　あさや,鬼怒川・川治・湯西川・川俣,【禁煙】秀峰館最上階デラックスツイン（約42平米）,17600
2024-08-25,rakuten,鬼怒川温泉　あさや,鬼怒川・川治・湯西川・川俣,【禁煙】八番館■眺望風呂付■和洋室（10畳+ベッド）,17600
2024-08-25,rakuten,ホテルルートイン矢巾,盛岡,■喫煙■セミダブルルーム,4800
2024-08-25,rakuten,ホテルルートイン矢巾,盛岡,□禁煙□セミダブルルーム,4800
2024-08-25,rakuten,ホテルルートイン矢巾,盛岡,◇禁煙◇コンフォートセミダブルルーム,4800
2024-08-25,rakuten,ホテルルートイン矢巾,盛岡,■喫煙■ダブルルーム,4800
2024-08-25,rakuten,ホテルルートイン矢巾,盛岡,□禁煙□ダブルルーム,4800
2024-08-25,rakuten,ホテルルートイン矢巾,盛岡,◇禁煙◇コンフォートダブルルーム,4800
2024-08-25,rakuten,ホテルルートイン矢巾,盛岡,■喫煙■ツインルーム,4800
2024-08-25,rakuten,ホテルルートイン矢巾,盛岡,□禁煙□ツインルーム,4800
2024-08-25,rakuten,ホテルルートイン矢巾,盛岡,■喫煙■シングルルーム,4800
2024-08-25,rakuten,ホテルルートイン矢巾,盛岡,□禁煙□シングルルーム,4800
2024-08-25,rakuten,ホテルルートイン矢巾,盛岡,□禁煙□シングルルーム-備考要確認-,4800
2024-08-25,rakuten,ホテルルートイン矢巾,盛岡,◇禁煙◇コンフォートツインルーム,4800
2024-08-25,rakuten,ホテルルートイン矢巾,盛岡,◇禁煙◇コンフォートダブルルーム★,4800
2024-08-25,rakuten,ホテルルートイン矢巾,盛岡,■喫煙■ダブルルーム★,4800
2024-08-25,rakuten,ホテルルートイン矢巾,盛岡,□禁煙□ダブルルーム★,4800
2024-08-25,rakuten,ホテルルートイン矢巾,盛岡,◇禁煙◇コンフォートシングルルーム,4800
2024-08-25,rakuten,ホテルルートイン矢巾,盛岡,□禁煙□ツインルーム★,4800
2024-08-25,rakuten,ホテルルートイン矢巾,盛岡,■喫煙■ツインルーム★,4800
2024-08-25,rakuten,ホテルルートイン矢巾,盛岡,◇禁煙◇コンフォートツインルーム★,4800
2024-08-25,rakuten,ホテルルートイン矢巾,盛岡,□禁煙□セミダブルルーム♪,4800
2024-08-25,rakuten,ホテルルートイン矢巾,盛岡,■喫煙■セミダブルルーム♪,4800
2024-08-25,rakuten,ホテルルートイン矢巾,盛岡,■喫煙■ダブルルーム♪,4800
2024-08-25,rakuten,ホテルルートイン矢巾,盛岡,□禁煙□ダブルルーム♪,4800
2024-08-25,rakuten,ホテルルートイン矢巾,盛岡,○禁煙○コンフォートデラックスツインルーム,4800
2024-08-25,rakuten,ホテルルートイン矢巾,盛岡,□禁煙□コンフォートセミダブルルーム♪,4800
2024-08-25,rakuten,ホテルルートイン矢巾,盛岡,□禁煙□コンフォートダブルルーム♪,4800
2024-08-25,rakuten,ホテルルートイン矢巾,盛岡,□禁煙□ツインルーム♪,4800
2024-08-25,rakuten,ホテルルートイン矢巾,盛岡,■喫煙■ツインルーム♪,4800
2024-08-25,rakuten,ホテルルートイン矢巾,盛岡,□禁煙□コンフォートツインルーム♪,4800
2024-08-25,rakuten,ホテルルートイン矢巾,盛岡,○禁煙○コンフォートデラックスツインルーム★,4800
2024-08-25,rakuten,ＳＨＩＲＯＹＡＭＡ　ＨＯＴＥＬ　ｋａｇｏｓｈｉｍ...,鹿児島・桜島,[禁煙] シングルA 眺望無し 【17平米】,7700
2024-08-25,rakuten,ＳＨＩＲＯＹＡＭＡ　ＨＯＴＥＬ　ｋａｇｏｓｈｉｍ...,鹿児島・桜島,［禁煙］シングルA 2部屋セット 眺望無し,7700
2024-08-25,rakuten,ＳＨＩＲＯＹＡＭＡ　ＨＯＴＥＬ　ｋａｇｏｓｈｉｍ...,鹿児島・桜島,[禁煙]TSUMUGIフォレストツイン眺望無し【25平米】,7700
2024-08-25,rakuten,ＳＨＩＲＯＹＡＭＡ　ＨＯＴＥＬ　ｋａｇｏｓｈｉｍ...,鹿児島・桜島,[禁煙] フォレストツイン 眺望なし 【25平米】,7700
2024-08-25,rakuten,ＳＨＩＲＯＹＡＭＡ　ＨＯＴＥＬ　ｋａｇｏｓｈｉｍ...,鹿児島・桜島,[禁煙] ツイン2部屋セット 眺望なし,7700
2024-08-25,rakuten,ＳＨＩＲＯＹＡＭＡ　ＨＯＴＥＬ　ｋａｇｏｓｈｉｍ...,鹿児島・桜島,[禁煙] スタンダードトリプル 桜島ビュー 【27平米】,7700
2024-08-25,rakuten,ＳＨＩＲＯＹＡＭＡ　ＨＯＴＥＬ　ｋａｇｏｓｈｉｍ...,鹿児島・桜島,[禁煙] TSUMUGI桜島ビューツイン【27平米】,7700
2024-08-25,rakuten,ＳＨＩＲＯＹＡＭＡ　ＨＯＴＥＬ　ｋａｇｏｓｈｉｍ...,鹿児島・桜島,[禁煙] スタンダードツイン 桜島ビュー 【27平米】,7700
2024-08-25,rakuten,ＳＨＩＲＯＹＡＭＡ　ＨＯＴＥＬ　ｋａｇｏｓｈｉｍ...,鹿児島・桜島,[禁煙] シングルB 眺望なし【14平米】,7700
2024-08-25,rakuten,ＳＨＩＲＯＹＡＭＡ　ＨＯＴＥＬ　ｋａｇｏｓｈｉｍ...,鹿児島・桜島,[禁煙] フォレストフォース 眺望なし【48平米】,7700
2024-08-25,rakuten,ＳＨＩＲＯＹＡＭＡ　ＨＯＴＥＬ　ｋａｇｏｓｈｉｍ...,鹿児島・桜島,[禁煙] スタンダードダブル 眺望なし【29平米】,7700
2024-08-25,rakuten,ＳＨＩＲＯＹＡＭＡ　ＨＯＴＥＬ　ｋａｇｏｓｈｉｍ...,鹿児島・桜島,[禁煙] スタンダードフォース 眺望なし【54平米】,7700
2024-08-25,rakuten,ＳＨＩＲＯＹＡＭＡ　ＨＯＴＥＬ　ｋａｇｏｓｈｉｍ...,鹿児島・桜島,[禁煙] プレミアムツイン 桜島ビュー 【53平米】,7700
2024-08-25,rakuten,ＳＨＩＲＯＹＡＭＡ　ＨＯＴＥＬ　ｋａｇｏｓｈｉｍ...,鹿児島・桜島,[禁煙]　オーシャン桜島ビューツイン　【27平米】,7700
2024-08-25,rakuten,ＳＨＩＲＯＹＡＭＡ　ＨＯＴＥＬ　ｋａｇｏｓｈｉｍ...,鹿児島・桜島,[禁煙]　コンフォート桜島ビューツイン　【27平米】,7700
2024-08-25,rakuten,ＳＨＩＲＯＹＡＭＡ　ＨＯＴＥＬ　ｋａｇｏｓｈｉｍ...,鹿児島・桜島,[禁煙] 桜島ビューフォース【54平米】,7700
2024-08-25,rakuten,ＳＨＩＲＯＹＡＭＡ　ＨＯＴＥＬ　ｋａｇｏｓｈｉｍ...,鹿児島・桜島,[禁煙] コンフォート桜島ビューフォース【53平米】,7700
2024-08-25,rakuten,ＳＨＩＲＯＹＡＭＡ　ＨＯＴＥＬ　ｋａｇｏｓｈｉｍ...,鹿児島・桜島,[禁煙]　クラブコーナーツイン　眺望なし　【32平米】,7700
2024-08-25,rakuten,ＳＨＩＲＯＹＡＭＡ　ＨＯＴＥＬ　ｋａｇｏｓｈｉｍ...,鹿児島・桜島,[禁煙] 桜島ビューダブル【27平米】,7700
2024-08-25,rakuten,ＳＨＩＲＯＹＡＭＡ　ＨＯＴＥＬ　ｋａｇｏｓｈｉｍ...,鹿児島・桜島,[禁煙] クラブツイン 眺望なし 【50平米】,7700
2024-08-25,rakuten,ＳＨＩＲＯＹＡＭＡ　ＨＯＴＥＬ　ｋａｇｏｓｈｉｍ...,鹿児島・桜島,[禁煙] ハリウッドツイン 眺望なし【31平米】,7700
2024-08-25,rakuten,ＳＨＩＲＯＹＡＭＡ　ＨＯＴＥＬ　ｋａｇｏｓｈｉｍ...,鹿児島・桜島,[禁煙] グランド桜島ビューダブル 【31平米】,7700
2024-08-25,rakuten,ＳＨＩＲＯＹＡＭＡ　ＨＯＴＥＬ　ｋａｇｏｓｈｉｍ...,鹿児島・桜島,[禁煙] グランド桜島ビューツイン 【31平米】,7700
2024-08-25,rakuten,ＳＨＩＲＯＹＡＭＡ　ＨＯＴＥＬ　ｋａｇｏｓｈｉｍ...,鹿児島・桜島,[禁煙]　ジャパニーズモダンツイン　眺望なし　【45平米】,7700
2024-08-25,rakuten,ＳＨＩＲＯＹＡＭＡ　ＨＯＴＥＬ　ｋａｇｏｓｈｉｍ...,鹿児島・桜島,[禁煙]　ユニバーサルルーム　桜島ビュー　【58平米】,7700
2024-08-25,rakuten,ＳＨＩＲＯＹＡＭＡ　ＨＯＴＥＬ　ｋａｇｏｓｈｉｍ...,鹿児島・桜島,[禁煙]　ジャパニーズモダンデラックスツイン　桜島ビュー,7700
2024-08-25,rakuten,ＳＨＩＲＯＹＡＭＡ　ＨＯＴＥＬ　ｋａｇｏｓｈｉｍ...,鹿児島・桜島,[禁煙]　源泉掛け流し温泉付きジャパニーズガーデンスイート,7700
2024-08-25,rakuten,ＳＨＩＲＯＹＡＭＡ　ＨＯＴＥＬ　ｋａｇｏｓｈｉｍ...,鹿児島・桜島,[禁煙]ジャパニーズモダンコーナーツイン眺望なし[55平米],7700
2024-08-25,rakuten,ＳＨＩＲＯＹＡＭＡ　ＨＯＴＥＬ　ｋａｇｏｓｈｉｍ...,鹿児島・桜島,[禁煙] クラブエグゼクティブツイン 桜島ビュー【54平米】,7700
2024-08-25,rakuten,ＳＨＩＲＯＹＡＭＡ　ＨＯＴＥＬ　ｋａｇｏｓｈｉｍ...,鹿児島・桜島,[禁煙] デラックスツイン 桜島ビュー 【53平米】,7700
2024-08-25,rakuten,ホテル日航ノースランド帯広,帯広・十勝,◇禁煙◇セミダブル（18平米）◇140ｃｍ幅ダブルベッド,4150
2024-08-25,rakuten,ホテル日航ノースランド帯広,帯広・十勝,◆喫煙◆セミダブル（18平米）◆140ｃｍ幅ダブルベッド,4150
2024-08-25,rakuten,ホテル日航ノースランド帯広,帯広・十勝,◇禁煙◇トリプル（27平米）◇110〜122ｃｍ幅ベッド,4150
2024-08-25,rakuten,ホテル日航ノースランド帯広,帯広・十勝,◆喫煙◆トリプル（27平米）◆110〜122ｃｍ幅ベッド,4150
2024-08-25,rakuten,ホテル日航ノースランド帯広,帯広・十勝,◇禁煙◇ツインA（22平米）◇110ｃｍ幅ベッド,4150
2024-08-25,rakuten,ホテル日航ノースランド帯広,帯広・十勝,◆喫煙◆ツインA（22平米）◆110ｃｍ幅ベッド,4150
2024-08-25,rakuten,ホテル日航ノースランド帯広,帯広・十勝,◇禁煙コネクティングルーム（27平米×2）120cm幅ベッド,4150
2024-08-25,rakuten,ホテル日航ノースランド帯広,帯広・十勝,◇禁煙◇スーペリアダブル◇22平米◇160ｃｍクイーンベッド,4150
2024-08-25,rakuten,ホテル日航ノースランド帯広,帯広・十勝,◆喫煙◆スーペリアダブル◆22平米◆160ｃｍクイーンベッド,4150
2024-08-25,rakuten,ホテル日航ノースランド帯広,帯広・十勝,◇禁煙◇ハリウッドツイン（22平米）◇110cm幅ベッド,4150
